Output,Buffer,1000000000,1,10
Output,Buffer,1000000000,2,10
Output,Buffer,1000000000,3,10
Output,Buffer,1000000000,4,10
Output,Buffer,1000000000,5,10
Output,Buffer,1000000000,6,10
Output,Buffer,1000000000,7,10
Output,Buffer,1000000000,8,10
Output,Buffer,1000000000,9,10
Output,Buffer,1000000000,10,10
Output,Buffer,1000000000,11,10
Output,Buffer,1000000000,12,10
Output,Buffer,1000000000,13,10
Output,Buffer,1000000000,14,10
Output,Buffer,1000000000,15,10
Output,Buffer,1000000000,16,10
Output,Buffer,1000000000,17,10
Output,Buffer,1000000000,18,10
Output,Buffer,1000000000,19,10
Output,Buffer,1000000000,20,10
Output,Buffer,1000000000,21,10
Output,Buffer,1000000000,22,10
Output,Buffer,1000000000,23,10
Output,Buffer,1000000000,24,10
Output,Buffer,1000000000,25,10
Output,Buffer,1000000000,26,10
Output,Buffer,1000000000,27,10
Output,Buffer,1000000000,28,10
Output,Buffer,1000000000,29,10
Output,Buffer,1000000000,30,10
Output,Buffer,1000000000,1,20
Output,Buffer,1000000000,2,20
Output,Buffer,1000000000,3,20
Output,Buffer,1000000000,4,20
Output,Buffer,1000000000,5,20
Output,Buffer,1000000000,6,20
Output,Buffer,1000000000,7,20
Output,Buffer,1000000000,8,20
Output,Buffer,1000000000,9,20
Output,Buffer,1000000000,10,20
Output,Buffer,1000000000,11,20
Output,Buffer,1000000000,12,20
Output,Buffer,1000000000,13,20
Output,Buffer,1000000000,14,20
Output,Buffer,1000000000,15,20
Output,Buffer,1000000000,16,20
Output,Buffer,1000000000,17,20
Output,Buffer,1000000000,18,20
Output,Buffer,1000000000,19,20
Output,Buffer,1000000000,20,20
Output,Buffer,1000000000,21,20
Output,Buffer,1000000000,22,20
Output,Buffer,1000000000,23,20
Output,Buffer,1000000000,24,20
Output,Buffer,1000000000,25,20
Output,Buffer,1000000000,26,20
Output,Buffer,1000000000,27,20
Output,Buffer,1000000000,28,20
Output,Buffer,1000000000,29,20
Output,Buffer,1000000000,30,20
Output,Buffer,1000000000,1,30
Output,Buffer,1000000000,2,30
Output,Buffer,1000000000,3,30
Output,Buffer,1000000000,4,30
Output,Buffer,1000000000,5,30
Output,Buffer,1000000000,6,30
Output,Buffer,1000000000,7,30
Output,Buffer,1000000000,8,30
Output,Buffer,1000000000,9,30
Output,Buffer,1000000000,10,30
Output,Buffer,1000000000,11,30
Output,Buffer,1000000000,12,30
Output,Buffer,1000000000,13,30
Output,Buffer,1000000000,14,30
Output,Buffer,1000000000,15,30
Output,Buffer,1000000000,16,30
Output,Buffer,1000000000,17,30
Output,Buffer,1000000000,18,30
Output,Buffer,1000000000,19,30
Output,Buffer,1000000000,20,30
Output,Buffer,1000000000,21,30
Output,Buffer,1000000000,22,30
Output,Buffer,1000000000,23,30
Output,Buffer,1000000000,24,30
Output,Buffer,1000000000,25,30
Output,Buffer,1000000000,26,30
Output,Buffer,1000000000,27,30
Output,Buffer,1000000000,28,30
Output,Buffer,1000000000,29,30
Output,Buffer,1000000000,30,30
Output,Buffer,1000000000,1,40
Output,Buffer,1000000000,2,40
Output,Buffer,1000000000,3,40
Output,Buffer,1000000000,4,40
Output,Buffer,1000000000,5,40
Output,Buffer,1000000000,6,40
Output,Buffer,1000000000,7,40
Output,Buffer,1000000000,8,40
Output,Buffer,1000000000,9,40
Output,Buffer,1000000000,10,40
Output,Buffer,1000000000,11,40
Output,Buffer,1000000000,12,40
Output,Buffer,1000000000,13,40
Output,Buffer,1000000000,14,40
Output,Buffer,1000000000,15,40
Output,Buffer,1000000000,16,40
Output,Buffer,1000000000,17,40
Output,Buffer,1000000000,18,40
Output,Buffer,1000000000,19,40
Output,Buffer,1000000000,20,40
Output,Buffer,1000000000,21,40
Output,Buffer,1000000000,22,40
Output,Buffer,1000000000,23,40
Output,Buffer,1000000000,24,40
Output,Buffer,1000000000,25,40
Output,Buffer,1000000000,26,40
Output,Buffer,1000000000,27,40
Output,Buffer,1000000000,28,40
Output,Buffer,1000000000,29,40
Output,Buffer,1000000000,30,40
Output,Buffer,1000000000,1,50
Output,Buffer,1000000000,2,50
Output,Buffer,1000000000,3,50
Output,Buffer,1000000000,4,50
Output,Buffer,1000000000,5,50
Output,Buffer,1000000000,6,50
Output,Buffer,1000000000,7,50
Output,Buffer,1000000000,8,50
Output,Buffer,1000000000,9,50
Output,Buffer,1000000000,10,50
Output,Buffer,1000000000,11,50
Output,Buffer,1000000000,12,50
Output,Buffer,1000000000,13,50
Output,Buffer,1000000000,14,50
Output,Buffer,1000000000,15,50
Output,Buffer,1000000000,16,50
Output,Buffer,1000000000,17,50
Output,Buffer,1000000000,18,50
Output,Buffer,1000000000,19,50
Output,Buffer,1000000000,20,50
Output,Buffer,1000000000,21,50
Output,Buffer,1000000000,22,50
Output,Buffer,1000000000,23,50
Output,Buffer,1000000000,24,50
Output,Buffer,1000000000,25,50
Output,Buffer,1000000000,26,50
Output,Buffer,1000000000,27,50
Output,Buffer,1000000000,28,50
Output,Buffer,1000000000,29,50
Output,Buffer,1000000000,30,50
Output,Buffer,1000000000,1,60
Output,Buffer,1000000000,2,60
Output,Buffer,1000000000,3,60
Output,Buffer,1000000000,4,60
Output,Buffer,1000000000,5,60
Output,Buffer,1000000000,6,60
Output,Buffer,1000000000,7,60
Output,Buffer,1000000000,8,60
Output,Buffer,1000000000,9,60
Output,Buffer,1000000000,10,60
Output,Buffer,1000000000,11,60
Output,Buffer,1000000000,12,60
Output,Buffer,1000000000,13,60
Output,Buffer,1000000000,14,60
Output,Buffer,1000000000,15,60
Output,Buffer,1000000000,16,60
Output,Buffer,1000000000,17,60
Output,Buffer,1000000000,18,60
Output,Buffer,1000000000,19,60
Output,Buffer,1000000000,20,60
Output,Buffer,1000000000,21,60
Output,Buffer,1000000000,22,60
Output,Buffer,1000000000,23,60
Output,Buffer,1000000000,24,60
Output,Buffer,1000000000,25,60
Output,Buffer,1000000000,26,60
Output,Buffer,1000000000,27,60
Output,Buffer,1000000000,28,60
Output,Buffer,1000000000,29,60
Output,Buffer,1000000000,30,60
Output,Buffer,1000000000,1,70
Output,Buffer,1000000000,2,70
Output,Buffer,1000000000,3,70
Output,Buffer,1000000000,4,70
Output,Buffer,1000000000,5,70
Output,Buffer,1000000000,6,70
Output,Buffer,1000000000,7,70
Output,Buffer,1000000000,8,70
Output,Buffer,1000000000,9,70
Output,Buffer,1000000000,10,70
Output,Buffer,1000000000,11,70
Output,Buffer,1000000000,12,70
Output,Buffer,1000000000,13,70
Output,Buffer,1000000000,14,70
Output,Buffer,1000000000,15,70
Output,Buffer,1000000000,16,70
Output,Buffer,1000000000,17,70
Output,Buffer,1000000000,18,70
Output,Buffer,1000000000,19,70
Output,Buffer,1000000000,20,70
Output,Buffer,1000000000,21,70
Output,Buffer,1000000000,22,70
Output,Buffer,1000000000,23,70
Output,Buffer,1000000000,24,70
Output,Buffer,1000000000,25,70
Output,Buffer,1000000000,26,70
Output,Buffer,1000000000,27,70
Output,Buffer,1000000000,28,70
Output,Buffer,1000000000,29,70
Output,Buffer,1000000000,30,70
Output,Buffer,1000000000,1,80
Output,Buffer,1000000000,2,80
Output,Buffer,1000000000,3,80
Output,Buffer,1000000000,4,80
Output,Buffer,1000000000,5,80
Output,Buffer,1000000000,6,80
Output,Buffer,1000000000,7,80
Output,Buffer,1000000000,8,80
Output,Buffer,1000000000,9,80
Output,Buffer,1000000000,10,80
Output,Buffer,1000000000,11,80
Output,Buffer,1000000000,12,80
Output,Buffer,1000000000,13,80
Output,Buffer,1000000000,14,80
Output,Buffer,1000000000,15,80
Output,Buffer,1000000000,16,80
Output,Buffer,1000000000,17,80
Output,Buffer,1000000000,18,80
Output,Buffer,1000000000,19,80
Output,Buffer,1000000000,20,80
Output,Buffer,1000000000,21,80
Output,Buffer,1000000000,22,80
Output,Buffer,1000000000,23,80
Output,Buffer,1000000000,24,80
Output,Buffer,1000000000,25,80
Output,Buffer,1000000000,26,80
Output,Buffer,1000000000,27,80
Output,Buffer,1000000000,28,80
Output,Buffer,1000000000,29,80
Output,Buffer,1000000000,30,80
Output,Buffer,1000000000,1,90
Output,Buffer,1000000000,2,90
Output,Buffer,1000000000,3,90
Output,Buffer,1000000000,4,90
Output,Buffer,1000000000,5,90
Output,Buffer,1000000000,6,90
Output,Buffer,1000000000,7,90
Output,Buffer,1000000000,8,90
Output,Buffer,1000000000,9,90
Output,Buffer,1000000000,10,90
Output,Buffer,1000000000,11,90
Output,Buffer,1000000000,12,90
Output,Buffer,1000000000,13,90
Output,Buffer,1000000000,14,90
Output,Buffer,1000000000,15,90
Output,Buffer,1000000000,16,90
Output,Buffer,1000000000,17,90
Output,Buffer,1000000000,18,90
Output,Buffer,1000000000,19,90
Output,Buffer,1000000000,20,90
Output,Buffer,1000000000,21,90
Output,Buffer,1000000000,22,90
Output,Buffer,1000000000,23,90
Output,Buffer,1000000000,24,90
Output,Buffer,1000000000,25,90
Output,Buffer,1000000000,26,90
Output,Buffer,1000000000,27,90
Output,Buffer,1000000000,28,90
Output,Buffer,1000000000,29,90
Output,Buffer,1000000000,30,90
Output,Buffer,1000000000,1,100
Output,Buffer,1000000000,2,100
Output,Buffer,1000000000,3,100
Output,Buffer,1000000000,4,100
Output,Buffer,1000000000,5,100
Output,Buffer,1000000000,6,100
Output,Buffer,1000000000,7,100
Output,Buffer,1000000000,8,100
Output,Buffer,1000000000,9,100
Output,Buffer,1000000000,10,100
Output,Buffer,1000000000,11,100
Output,Buffer,1000000000,12,100
Output,Buffer,1000000000,13,100
Output,Buffer,1000000000,14,100
Output,Buffer,1000000000,15,100
Output,Buffer,1000000000,16,100
Output,Buffer,1000000000,17,100
Output,Buffer,1000000000,18,100
Output,Buffer,1000000000,19,100
Output,Buffer,1000000000,20,100
Output,Buffer,1000000000,21,100
Output,Buffer,1000000000,22,100
Output,Buffer,1000000000,23,100
Output,Buffer,1000000000,24,100
Output,Buffer,1000000000,25,100
Output,Buffer,1000000000,26,100
Output,Buffer,1000000000,27,100
Output,Buffer,1000000000,28,100
Output,Buffer,1000000000,29,100
Output,Buffer,1000000000,30,100
Output,Buffer,1000000000,1,110
Output,Buffer,1000000000,2,110
Output,Buffer,1000000000,3,110
Output,Buffer,1000000000,4,110
Output,Buffer,1000000000,5,110
Output,Buffer,1000000000,6,110
Output,Buffer,1000000000,7,110
Output,Buffer,1000000000,8,110
Output,Buffer,1000000000,9,110
Output,Buffer,1000000000,10,110
Output,Buffer,1000000000,11,110
Output,Buffer,1000000000,12,110
Output,Buffer,1000000000,13,110
Output,Buffer,1000000000,14,110
Output,Buffer,1000000000,15,110
Output,Buffer,1000000000,16,110
Output,Buffer,1000000000,17,110
Output,Buffer,1000000000,18,110
Output,Buffer,1000000000,19,110
Output,Buffer,1000000000,20,110
Output,Buffer,1000000000,21,110
Output,Buffer,1000000000,22,110
Output,Buffer,1000000000,23,110
Output,Buffer,1000000000,24,110
Output,Buffer,1000000000,25,110
Output,Buffer,1000000000,26,110
Output,Buffer,1000000000,27,110
Output,Buffer,1000000000,28,110
Output,Buffer,1000000000,29,110
Output,Buffer,1000000000,30,110
Output,Buffer,1000000000,1,120
Output,Buffer,1000000000,2,120
Output,Buffer,1000000000,3,120
Output,Buffer,1000000000,4,120
Output,Buffer,1000000000,5,120
Output,Buffer,1000000000,6,120
Output,Buffer,1000000000,7,120
Output,Buffer,1000000000,8,120
Output,Buffer,1000000000,9,120
Output,Buffer,1000000000,10,120
Output,Buffer,1000000000,11,120
Output,Buffer,1000000000,12,120
Output,Buffer,1000000000,13,120
Output,Buffer,1000000000,14,120
Output,Buffer,1000000000,15,120
Output,Buffer,1000000000,16,120
Output,Buffer,1000000000,17,120
Output,Buffer,1000000000,18,120
Output,Buffer,1000000000,19,120
Output,Buffer,1000000000,20,120
Output,Buffer,1000000000,21,120
Output,Buffer,1000000000,22,120
Output,Buffer,1000000000,23,120
Output,Buffer,1000000000,24,120
Output,Buffer,1000000000,25,120
Output,Buffer,1000000000,26,120
Output,Buffer,1000000000,27,120
Output,Buffer,1000000000,28,120
Output,Buffer,1000000000,29,120
Output,Buffer,1000000000,30,120
Output,Buffer,1000000000,1,130
Output,Buffer,1000000000,2,130
Output,Buffer,1000000000,3,130
Output,Buffer,1000000000,4,130
Output,Buffer,1000000000,5,130
Output,Buffer,1000000000,6,130
Output,Buffer,1000000000,7,130
Output,Buffer,1000000000,8,130
Output,Buffer,1000000000,9,130
Output,Buffer,1000000000,10,130
Output,Buffer,1000000000,11,130
Output,Buffer,1000000000,12,130
Output,Buffer,1000000000,13,130
Output,Buffer,1000000000,14,130
Output,Buffer,1000000000,15,130
Output,Buffer,1000000000,16,130
Output,Buffer,1000000000,17,130
Output,Buffer,1000000000,18,130
Output,Buffer,1000000000,19,130
Output,Buffer,1000000000,20,130
Output,Buffer,1000000000,21,130
Output,Buffer,1000000000,22,130
Output,Buffer,1000000000,23,130
Output,Buffer,1000000000,24,130
Output,Buffer,1000000000,25,130
Output,Buffer,1000000000,26,130
Output,Buffer,1000000000,27,130
Output,Buffer,1000000000,28,130
Output,Buffer,1000000000,29,130
Output,Buffer,1000000000,30,130
Output,Buffer,1000000000,1,140
Output,Buffer,1000000000,2,140
Output,Buffer,1000000000,3,140
Output,Buffer,1000000000,4,140
Output,Buffer,1000000000,5,140
Output,Buffer,1000000000,6,140
Output,Buffer,1000000000,7,140
Output,Buffer,1000000000,8,140
Output,Buffer,1000000000,9,140
Output,Buffer,1000000000,10,140
Output,Buffer,1000000000,11,140
Output,Buffer,1000000000,12,140
Output,Buffer,1000000000,13,140
Output,Buffer,1000000000,14,140
Output,Buffer,1000000000,15,140
Output,Buffer,1000000000,16,140
Output,Buffer,1000000000,17,140
Output,Buffer,1000000000,18,140
Output,Buffer,1000000000,19,140
Output,Buffer,1000000000,20,140
Output,Buffer,1000000000,21,140
Output,Buffer,1000000000,22,140
Output,Buffer,1000000000,23,140
Output,Buffer,1000000000,24,140
Output,Buffer,1000000000,25,140
Output,Buffer,1000000000,26,140
Output,Buffer,1000000000,27,140
Output,Buffer,1000000000,28,140
Output,Buffer,1000000000,29,140
Output,Buffer,1000000000,30,140
Output,Buffer,1000000000,1,150
Output,Buffer,1000000000,2,150
Output,Buffer,1000000000,3,150
Output,Buffer,1000000000,4,150
Output,Buffer,1000000000,5,150
Output,Buffer,1000000000,6,150
Output,Buffer,1000000000,7,150
Output,Buffer,1000000000,8,150
Output,Buffer,1000000000,9,150
Output,Buffer,1000000000,10,150
Output,Buffer,1000000000,11,150
Output,Buffer,1000000000,12,150
Output,Buffer,1000000000,13,150
Output,Buffer,1000000000,14,150
Output,Buffer,1000000000,15,150
Output,Buffer,1000000000,16,150
Output,Buffer,1000000000,17,150
Output,Buffer,1000000000,18,150
Output,Buffer,1000000000,19,150
Output,Buffer,1000000000,20,150
Output,Buffer,1000000000,21,150
Output,Buffer,1000000000,22,150
Output,Buffer,1000000000,23,150
Output,Buffer,1000000000,24,150
Output,Buffer,1000000000,25,150
Output,Buffer,1000000000,26,150
Output,Buffer,1000000000,27,150
Output,Buffer,1000000000,28,150
Output,Buffer,1000000000,29,150
Output,Buffer,1000000000,30,150
Output,Buffer,1000000000,1,160
Output,Buffer,1000000000,2,160
Output,Buffer,1000000000,3,160
Output,Buffer,1000000000,4,160
Output,Buffer,1000000000,5,160
Output,Buffer,1000000000,6,160
Output,Buffer,1000000000,7,160
Output,Buffer,1000000000,8,160
Output,Buffer,1000000000,9,160
Output,Buffer,1000000000,10,160
Output,Buffer,1000000000,11,160
Output,Buffer,1000000000,12,160
Output,Buffer,1000000000,13,160
Output,Buffer,1000000000,14,160
Output,Buffer,1000000000,15,160
Output,Buffer,1000000000,16,160
Output,Buffer,1000000000,17,160
Output,Buffer,1000000000,18,160
Output,Buffer,1000000000,19,160
Output,Buffer,1000000000,20,160
Output,Buffer,1000000000,21,160
Output,Buffer,1000000000,22,160
Output,Buffer,1000000000,23,160
Output,Buffer,1000000000,24,160
Output,Buffer,1000000000,25,160
Output,Buffer,1000000000,26,160
Output,Buffer,1000000000,27,160
Output,Buffer,1000000000,28,160
Output,Buffer,1000000000,29,160
Output,Buffer,1000000000,30,160
Output,Buffer,1000000000,1,170
Output,Buffer,1000000000,2,170
Output,Buffer,1000000000,3,170
Output,Buffer,1000000000,4,170
Output,Buffer,1000000000,5,170
Output,Buffer,1000000000,6,170
Output,Buffer,1000000000,7,170
Output,Buffer,1000000000,8,170
Output,Buffer,1000000000,9,170
Output,Buffer,1000000000,10,170
Output,Buffer,1000000000,11,170
Output,Buffer,1000000000,12,170
Output,Buffer,1000000000,13,170
Output,Buffer,1000000000,14,170
Output,Buffer,1000000000,15,170
Output,Buffer,1000000000,16,170
Output,Buffer,1000000000,17,170
Output,Buffer,1000000000,18,170
Output,Buffer,1000000000,19,170
Output,Buffer,1000000000,20,170
Output,Buffer,1000000000,21,170
Output,Buffer,1000000000,22,170
Output,Buffer,1000000000,23,170
Output,Buffer,1000000000,24,170
Output,Buffer,1000000000,25,170
Output,Buffer,1000000000,26,170
Output,Buffer,1000000000,27,170
Output,Buffer,1000000000,28,170
Output,Buffer,1000000000,29,170
Output,Buffer,1000000000,30,170
Output,Buffer,1000000000,1,180
Output,Buffer,1000000000,2,180
Output,Buffer,1000000000,3,180
Output,Buffer,1000000000,4,180
Output,Buffer,1000000000,5,180
Output,Buffer,1000000000,6,180
Output,Buffer,1000000000,7,180
Output,Buffer,1000000000,8,180
Output,Buffer,1000000000,9,180
Output,Buffer,1000000000,10,180
Output,Buffer,1000000000,11,180
Output,Buffer,1000000000,12,180
Output,Buffer,1000000000,13,180
Output,Buffer,1000000000,14,180
Output,Buffer,1000000000,15,180
Output,Buffer,1000000000,16,180
Output,Buffer,1000000000,17,180
Output,Buffer,1000000000,18,180
Output,Buffer,1000000000,19,180
Output,Buffer,1000000000,20,180
Output,Buffer,1000000000,21,180
Output,Buffer,1000000000,22,180
Output,Buffer,1000000000,23,180
Output,Buffer,1000000000,24,180
Output,Buffer,1000000000,25,180
Output,Buffer,1000000000,26,180
Output,Buffer,1000000000,27,180
Output,Buffer,1000000000,28,180
Output,Buffer,1000000000,29,180
Output,Buffer,1000000000,30,180
Output,Buffer,1000000000,1,190
Output,Buffer,1000000000,2,190
Output,Buffer,1000000000,3,190
Output,Buffer,1000000000,4,190
Output,Buffer,1000000000,5,190
Output,Buffer,1000000000,6,190
Output,Buffer,1000000000,7,190
Output,Buffer,1000000000,8,190
Output,Buffer,1000000000,9,190
Output,Buffer,1000000000,10,190
Output,Buffer,1000000000,11,190
Output,Buffer,1000000000,12,190
Output,Buffer,1000000000,13,190
Output,Buffer,1000000000,14,190
Output,Buffer,1000000000,15,190
Output,Buffer,1000000000,16,190
Output,Buffer,1000000000,17,190
Output,Buffer,1000000000,18,190
Output,Buffer,1000000000,19,190
Output,Buffer,1000000000,20,190
Output,Buffer,1000000000,21,190
Output,Buffer,1000000000,22,190
Output,Buffer,1000000000,23,190
Output,Buffer,1000000000,24,190
Output,Buffer,1000000000,25,190
Output,Buffer,1000000000,26,190
Output,Buffer,1000000000,27,190
Output,Buffer,1000000000,28,190
Output,Buffer,1000000000,29,190
Output,Buffer,1000000000,30,190
Output,Buffer,1000000000,1,200
Output,Buffer,1000000000,2,200
Output,Buffer,1000000000,3,200
Output,Buffer,1000000000,4,200
Output,Buffer,1000000000,5,200
Output,Buffer,1000000000,6,200
Output,Buffer,1000000000,7,200
Output,Buffer,1000000000,8,200
Output,Buffer,1000000000,9,200
Output,Buffer,1000000000,10,200
Output,Buffer,1000000000,11,200
Output,Buffer,1000000000,12,200
Output,Buffer,1000000000,13,200
Output,Buffer,1000000000,14,200
Output,Buffer,1000000000,15,200
Output,Buffer,1000000000,16,200
Output,Buffer,1000000000,17,200
Output,Buffer,1000000000,18,200
Output,Buffer,1000000000,19,200
Output,Buffer,1000000000,20,200
Output,Buffer,1000000000,21,200
Output,Buffer,1000000000,22,200
Output,Buffer,1000000000,23,200
Output,Buffer,1000000000,24,200
Output,Buffer,1000000000,25,200
Output,Buffer,1000000000,26,200
Output,Buffer,1000000000,27,200
Output,Buffer,1000000000,28,200
Output,Buffer,1000000000,29,200
Output,Buffer,1000000000,30,200
Output,Buffer,1000000000,1,210
Output,Buffer,1000000000,2,210
Output,Buffer,1000000000,3,210
Output,Buffer,1000000000,4,210
Output,Buffer,1000000000,5,210
Output,Buffer,1000000000,6,210
Output,Buffer,1000000000,7,210
Output,Buffer,1000000000,8,210
Output,Buffer,1000000000,9,210
Output,Buffer,1000000000,10,210
Output,Buffer,1000000000,11,210
Output,Buffer,1000000000,12,210
Output,Buffer,1000000000,13,210
Output,Buffer,1000000000,14,210
Output,Buffer,1000000000,15,210
Output,Buffer,1000000000,16,210
Output,Buffer,1000000000,17,210
Output,Buffer,1000000000,18,210
Output,Buffer,1000000000,19,210
Output,Buffer,1000000000,20,210
Output,Buffer,1000000000,21,210
Output,Buffer,1000000000,22,210
Output,Buffer,1000000000,23,210
Output,Buffer,1000000000,24,210
Output,Buffer,1000000000,25,210
Output,Buffer,1000000000,26,210
Output,Buffer,1000000000,27,210
Output,Buffer,1000000000,28,210
Output,Buffer,1000000000,29,210
Output,Buffer,1000000000,30,210
Output,Buffer,1000000000,1,220
Output,Buffer,1000000000,2,220
Output,Buffer,1000000000,3,220
Output,Buffer,1000000000,4,220
Output,Buffer,1000000000,5,220
Output,Buffer,1000000000,6,220
Output,Buffer,1000000000,7,220
Output,Buffer,1000000000,8,220
Output,Buffer,1000000000,9,220
Output,Buffer,1000000000,10,220
Output,Buffer,1000000000,11,220
Output,Buffer,1000000000,12,220
Output,Buffer,1000000000,13,220
Output,Buffer,1000000000,14,220
Output,Buffer,1000000000,15,220
Output,Buffer,1000000000,16,220
Output,Buffer,1000000000,17,220
Output,Buffer,1000000000,18,220
Output,Buffer,1000000000,19,220
Output,Buffer,1000000000,20,220
Output,Buffer,1000000000,21,220
Output,Buffer,1000000000,22,220
Output,Buffer,1000000000,23,220
Output,Buffer,1000000000,24,220
Output,Buffer,1000000000,25,220
Output,Buffer,1000000000,26,220
Output,Buffer,1000000000,27,220
Output,Buffer,1000000000,28,220
Output,Buffer,1000000000,29,220
Output,Buffer,1000000000,30,220
Output,Buffer,1000000000,1,230
Output,Buffer,1000000000,2,230
Output,Buffer,1000000000,3,230
Output,Buffer,1000000000,4,230
Output,Buffer,1000000000,5,230
Output,Buffer,1000000000,6,230
Output,Buffer,1000000000,7,230
Output,Buffer,1000000000,8,230
Output,Buffer,1000000000,9,230
Output,Buffer,1000000000,10,230
Output,Buffer,1000000000,11,230
Output,Buffer,1000000000,12,230
Output,Buffer,1000000000,13,230
Output,Buffer,1000000000,14,230
Output,Buffer,1000000000,15,230
Output,Buffer,1000000000,16,230
Output,Buffer,1000000000,17,230
Output,Buffer,1000000000,18,230
Output,Buffer,1000000000,19,230
Output,Buffer,1000000000,20,230
Output,Buffer,1000000000,21,230
Output,Buffer,1000000000,22,230
Output,Buffer,1000000000,23,230
Output,Buffer,1000000000,24,230
Output,Buffer,1000000000,25,230
Output,Buffer,1000000000,26,230
Output,Buffer,1000000000,27,230
Output,Buffer,1000000000,28,230
Output,Buffer,1000000000,29,230
Output,Buffer,1000000000,30,230
Output,Buffer,1000000000,1,240
Output,Buffer,1000000000,2,240
Output,Buffer,1000000000,3,240
Output,Buffer,1000000000,4,240
Output,Buffer,1000000000,5,240
Output,Buffer,1000000000,6,240
Output,Buffer,1000000000,7,240
Output,Buffer,1000000000,8,240
Output,Buffer,1000000000,9,240
Output,Buffer,1000000000,10,240
Output,Buffer,1000000000,11,240
Output,Buffer,1000000000,12,240
Output,Buffer,1000000000,13,240
Output,Buffer,1000000000,14,240
Output,Buffer,1000000000,15,240
Output,Buffer,1000000000,16,240
Output,Buffer,1000000000,17,240
Output,Buffer,1000000000,18,240
Output,Buffer,1000000000,19,240
Output,Buffer,1000000000,20,240
Output,Buffer,1000000000,21,240
Output,Buffer,1000000000,22,240
Output,Buffer,1000000000,23,240
Output,Buffer,1000000000,24,240
Output,Buffer,1000000000,25,240
Output,Buffer,1000000000,26,240
Output,Buffer,1000000000,27,240
Output,Buffer,1000000000,28,240
Output,Buffer,1000000000,29,240
Output,Buffer,1000000000,30,240
Output,Buffer,1000000000,1,250
Output,Buffer,1000000000,2,250
Output,Buffer,1000000000,3,250
Output,Buffer,1000000000,4,250
Output,Buffer,1000000000,5,250
Output,Buffer,1000000000,6,250
Output,Buffer,1000000000,7,250
Output,Buffer,1000000000,8,250
Output,Buffer,1000000000,9,250
Output,Buffer,1000000000,10,250
Output,Buffer,1000000000,11,250
Output,Buffer,1000000000,12,250
Output,Buffer,1000000000,13,250
Output,Buffer,1000000000,14,250
Output,Buffer,1000000000,15,250
Output,Buffer,1000000000,16,250
Output,Buffer,1000000000,17,250
Output,Buffer,1000000000,18,250
Output,Buffer,1000000000,19,250
Output,Buffer,1000000000,20,250
Output,Buffer,1000000000,21,250
Output,Buffer,1000000000,22,250
Output,Buffer,1000000000,23,250
Output,Buffer,1000000000,24,250
Output,Buffer,1000000000,25,250
Output,Buffer,1000000000,26,250
Output,Buffer,1000000000,27,250
Output,Buffer,1000000000,28,250
Output,Buffer,1000000000,29,250
Output,Buffer,1000000000,30,250
Output,Buffer,1000000000,1,260
Output,Buffer,1000000000,2,260
Output,Buffer,1000000000,3,260
Output,Buffer,1000000000,4,260
Output,Buffer,1000000000,5,260
Output,Buffer,1000000000,6,260
Output,Buffer,1000000000,7,260
Output,Buffer,1000000000,8,260
Output,Buffer,1000000000,9,260
Output,Buffer,1000000000,10,260
Output,Buffer,1000000000,11,260
Output,Buffer,1000000000,12,260
Output,Buffer,1000000000,13,260
Output,Buffer,1000000000,14,260
Output,Buffer,1000000000,15,260
Output,Buffer,1000000000,16,260
Output,Buffer,1000000000,17,260
Output,Buffer,1000000000,18,260
Output,Buffer,1000000000,19,260
Output,Buffer,1000000000,20,260
Output,Buffer,1000000000,21,260
Output,Buffer,1000000000,22,260
Output,Buffer,1000000000,23,260
Output,Buffer,1000000000,24,260
Output,Buffer,1000000000,25,260
Output,Buffer,1000000000,26,260
Output,Buffer,1000000000,27,260
Output,Buffer,1000000000,28,260
Output,Buffer,1000000000,29,260
Output,Buffer,1000000000,30,260
Output,Buffer,1000000000,1,270
Output,Buffer,1000000000,2,270
Output,Buffer,1000000000,3,270
Output,Buffer,1000000000,4,270
Output,Buffer,1000000000,5,270
Output,Buffer,1000000000,6,270
Output,Buffer,1000000000,7,270
Output,Buffer,1000000000,8,270
Output,Buffer,1000000000,9,270
Output,Buffer,1000000000,10,270
Output,Buffer,1000000000,11,270
Output,Buffer,1000000000,12,270
Output,Buffer,1000000000,13,270
Output,Buffer,1000000000,14,270
Output,Buffer,1000000000,15,270
Output,Buffer,1000000000,16,270
Output,Buffer,1000000000,17,270
Output,Buffer,1000000000,18,270
Output,Buffer,1000000000,19,270
Output,Buffer,1000000000,20,270
Output,Buffer,1000000000,21,270
Output,Buffer,1000000000,22,270
Output,Buffer,1000000000,23,270
Output,Buffer,1000000000,24,270
Output,Buffer,1000000000,25,270
Output,Buffer,1000000000,26,270
Output,Buffer,1000000000,27,270
Output,Buffer,1000000000,28,270
Output,Buffer,1000000000,29,270
Output,Buffer,1000000000,30,270
Output,Buffer,1000000000,1,280
Output,Buffer,1000000000,2,280
Output,Buffer,1000000000,3,280
Output,Buffer,1000000000,4,280
Output,Buffer,1000000000,5,280
Output,Buffer,1000000000,6,280
Output,Buffer,1000000000,7,280
Output,Buffer,1000000000,8,280
Output,Buffer,1000000000,9,280
Output,Buffer,1000000000,10,280
Output,Buffer,1000000000,11,280
Output,Buffer,1000000000,12,280
Output,Buffer,1000000000,13,280
Output,Buffer,1000000000,14,280
Output,Buffer,1000000000,15,280
Output,Buffer,1000000000,16,280
Output,Buffer,1000000000,17,280
Output,Buffer,1000000000,18,280
Output,Buffer,1000000000,19,280
Output,Buffer,1000000000,20,280
Output,Buffer,1000000000,21,280
Output,Buffer,1000000000,22,280
Output,Buffer,1000000000,23,280
Output,Buffer,1000000000,24,280
Output,Buffer,1000000000,25,280
Output,Buffer,1000000000,26,280
Output,Buffer,1000000000,27,280
Output,Buffer,1000000000,28,280
Output,Buffer,1000000000,29,280
Output,Buffer,1000000000,30,280
Output,Buffer,1000000000,1,290
Output,Buffer,1000000000,2,290
Output,Buffer,1000000000,3,290
Output,Buffer,1000000000,4,290
Output,Buffer,1000000000,5,290
Output,Buffer,1000000000,6,290
Output,Buffer,1000000000,7,290
Output,Buffer,1000000000,8,290
Output,Buffer,1000000000,9,290
Output,Buffer,1000000000,10,290
Output,Buffer,1000000000,11,290
Output,Buffer,1000000000,12,290
Output,Buffer,1000000000,13,290
Output,Buffer,1000000000,14,290
Output,Buffer,1000000000,15,290
Output,Buffer,1000000000,16,290
Output,Buffer,1000000000,17,290
Output,Buffer,1000000000,18,290
Output,Buffer,1000000000,19,290
Output,Buffer,1000000000,20,290
Output,Buffer,1000000000,21,290
Output,Buffer,1000000000,22,290
Output,Buffer,1000000000,23,290
Output,Buffer,1000000000,24,290
Output,Buffer,1000000000,25,290
Output,Buffer,1000000000,26,290
Output,Buffer,1000000000,27,290
Output,Buffer,1000000000,28,290
Output,Buffer,1000000000,29,290
Output,Buffer,1000000000,30,290
Output,Buffer,1000000000,1,300
Output,Buffer,1000000000,2,300
Output,Buffer,1000000000,3,300
Output,Buffer,1000000000,4,300
Output,Buffer,1000000000,5,300
Output,Buffer,1000000000,6,300
Output,Buffer,1000000000,7,300
Output,Buffer,1000000000,8,300
Output,Buffer,1000000000,9,300
Output,Buffer,1000000000,10,300
Output,Buffer,1000000000,11,300
Output,Buffer,1000000000,12,300
Output,Buffer,1000000000,13,300
Output,Buffer,1000000000,14,300
Output,Buffer,1000000000,15,300
Output,Buffer,1000000000,16,300
Output,Buffer,1000000000,17,300
Output,Buffer,1000000000,18,300
Output,Buffer,1000000000,19,300
Output,Buffer,1000000000,20,300
Output,Buffer,1000000000,21,300
Output,Buffer,1000000000,22,300
Output,Buffer,1000000000,23,300
Output,Buffer,1000000000,24,300
Output,Buffer,1000000000,25,300
Output,Buffer,1000000000,26,300
Output,Buffer,1000000000,27,300
Output,Buffer,1000000000,28,300
Output,Buffer,1000000000,29,300
Output,Buffer,1000000000,30,300
Output,Buffer,1000000000,1,310
Output,Buffer,1000000000,2,310
Output,Buffer,1000000000,3,310
Output,Buffer,1000000000,4,310
Output,Buffer,1000000000,5,310
Output,Buffer,1000000000,6,310
Output,Buffer,1000000000,7,310
Output,Buffer,1000000000,8,310
Output,Buffer,1000000000,9,310
Output,Buffer,1000000000,10,310
Output,Buffer,1000000000,11,310
Output,Buffer,1000000000,12,310
Output,Buffer,1000000000,13,310
Output,Buffer,1000000000,14,310
Output,Buffer,1000000000,15,310
Output,Buffer,1000000000,16,310
Output,Buffer,1000000000,17,310
Output,Buffer,1000000000,18,310
Output,Buffer,1000000000,19,310
Output,Buffer,1000000000,20,310
Output,Buffer,1000000000,21,310
Output,Buffer,1000000000,22,310
Output,Buffer,1000000000,23,310
Output,Buffer,1000000000,24,310
Output,Buffer,1000000000,25,310
Output,Buffer,1000000000,26,310
Output,Buffer,1000000000,27,310
Output,Buffer,1000000000,28,310
Output,Buffer,1000000000,29,310
Output,Buffer,1000000000,30,310
Output,Buffer,1000000000,1,320
Output,Buffer,1000000000,2,320
Output,Buffer,1000000000,3,320
Output,Buffer,1000000000,4,320
Output,Buffer,1000000000,5,320
Output,Buffer,1000000000,6,320
Output,Buffer,1000000000,7,320
Output,Buffer,1000000000,8,320
Output,Buffer,1000000000,9,320
Output,Buffer,1000000000,10,320
Output,Buffer,1000000000,11,320
Output,Buffer,1000000000,12,320
Output,Buffer,1000000000,13,320
Output,Buffer,1000000000,14,320
Output,Buffer,1000000000,15,320
Output,Buffer,1000000000,16,320
Output,Buffer,1000000000,17,320
Output,Buffer,1000000000,18,320
Output,Buffer,1000000000,19,320
Output,Buffer,1000000000,20,320
Output,Buffer,1000000000,21,320
Output,Buffer,1000000000,22,320
Output,Buffer,1000000000,23,320
Output,Buffer,1000000000,24,320
Output,Buffer,1000000000,25,320
Output,Buffer,1000000000,26,320
Output,Buffer,1000000000,27,320
Output,Buffer,1000000000,28,320
Output,Buffer,1000000000,29,320
Output,Buffer,1000000000,30,320
Output,Buffer,1000000000,1,330
Output,Buffer,1000000000,2,330
Output,Buffer,1000000000,3,330
Output,Buffer,1000000000,4,330
Output,Buffer,1000000000,5,330
Output,Buffer,1000000000,6,330
Output,Buffer,1000000000,7,330
Output,Buffer,1000000000,8,330
Output,Buffer,1000000000,9,330
Output,Buffer,1000000000,10,330
Output,Buffer,1000000000,11,330
Output,Buffer,1000000000,12,330
Output,Buffer,1000000000,13,330
Output,Buffer,1000000000,14,330
Output,Buffer,1000000000,15,330
Output,Buffer,1000000000,16,330
Output,Buffer,1000000000,17,330
Output,Buffer,1000000000,18,330
Output,Buffer,1000000000,19,330
Output,Buffer,1000000000,20,330
Output,Buffer,1000000000,21,330
Output,Buffer,1000000000,22,330
Output,Buffer,1000000000,23,330
Output,Buffer,1000000000,24,330
Output,Buffer,1000000000,25,330
Output,Buffer,1000000000,26,330
Output,Buffer,1000000000,27,330
Output,Buffer,1000000000,28,330
Output,Buffer,1000000000,29,330
Output,Buffer,1000000000,30,330
Output,Buffer,1000000000,1,340
Output,Buffer,1000000000,2,340
Output,Buffer,1000000000,3,340
Output,Buffer,1000000000,4,340
Output,Buffer,1000000000,5,340
Output,Buffer,1000000000,6,340
Output,Buffer,1000000000,7,340
Output,Buffer,1000000000,8,340
Output,Buffer,1000000000,9,340
Output,Buffer,File length (n),10,340
Output,Buffer,1000000000,11,340
Output,Buffer,1000000000,12,340
Output,Buffer,1000000000,13,340
Output,Buffer,1000000000,14,340
Output,Buffer,1000000000,15,340
Output,Buffer,1000000000,16,340
Output,Buffer,1000000000,17,340
Output,Buffer,1000000000,18,340
Output,Buffer,1000000000,19,340
Output,Buffer,1000000000,20,340
Output,Buffer,1000000000,21,340
Output,Buffer,1000000000,22,340
Output,Buffer,1000000000,23,340
Output,Buffer,1000000000,24,340
Output,Buffer,1000000000,25,340
Output,Buffer,1000000000,26,340
Output,Buffer,1000000000,27,340
Output,Buffer,1000000000,28,340
Output,Buffer,1000000000,29,340
Output,Buffer,1000000000,30,340
Output,Buffer,1000000000,1,350
Output,Buffer,1000000000,2,350
Output,Buffer,1000000000,3,350
Output,Buffer,1000000000,4,350
Output,Buffer,1000000000,5,350
Output,Buffer,1000000000,6,350
Output,Buffer,1000000000,7,350
Output,Buffer,1000000000,8,350
Output,Buffer,1000000000,9,350
Output,Buffer,1000000000,10,350
Output,Buffer,1000000000,11,350
Output,Buffer,1000000000,12,350
Output,Buffer,1000000000,13,350
Output,Buffer,1000000000,14,350
Output,Buffer,1000000000,15,350
Output,Buffer,1000000000,16,350
Output,Buffer,1000000000,17,350
Output,Buffer,1000000000,18,350
Output,Buffer,1000000000,19,350
Output,Buffer,1000000000,20,350
Output,Buffer,1000000000,21,350
Output,Buffer,1000000000,22,350
Output,Buffer,1000000000,23,350
Output,Buffer,1000000000,24,350
Output,Buffer,1000000000,25,350
Output,Buffer,1000000000,26,350
Output,Buffer,1000000000,27,350
Output,Buffer,1000000000,28,350
Output,Buffer,1000000000,29,350
Output,Buffer,1000000000,30,350
Output,Buffer,1000000000,1,360
Output,Buffer,1000000000,2,360
Output,Buffer,1000000000,3,360
Output,Buffer,1000000000,4,360
Output,Buffer,1000000000,5,360
Output,Buffer,1000000000,6,360
Output,Buffer,1000000000,7,360
Output,Buffer,1000000000,8,360
Output,Buffer,1000000000,9,360
Output,Buffer,1000000000,10,360
Output,Buffer,1000000000,11,360
Output,Buffer,1000000000,12,360
Output,Buffer,1000000000,13,360
Output,Buffer,1000000000,14,360
Output,Buffer,1000000000,15,360
Output,Buffer,1000000000,16,360
Output,Buffer,1000000000,17,360
Output,Buffer,1000000000,18,360
Output,Buffer,1000000000,19,360
Output,Buffer,1000000000,20,360
Output,Buffer,1000000000,21,360
Output,Buffer,1000000000,22,360
Output,Buffer,1000000000,23,360
Output,Buffer,1000000000,24,360
Output,Buffer,1000000000,25,360
Output,Buffer,1000000000,26,360
Output,Buffer,1000000000,27,360
Output,Buffer,1000000000,28,360
Output,Buffer,1000000000,29,360
Output,Buffer,1000000000,30,360
Output,Buffer,1000000000,1,370
Output,Buffer,1000000000,2,370
Output,Buffer,1000000000,3,370
Output,Buffer,1000000000,4,370
Output,Buffer,1000000000,5,370
Output,Buffer,1000000000,6,370
Output,Buffer,1000000000,7,370
Output,Buffer,1000000000,8,370
Output,Buffer,1000000000,9,370
Output,Buffer,1000000000,10,370
Output,Buffer,1000000000,11,370
Output,Buffer,1000000000,12,370
Output,Buffer,1000000000,13,370
Output,Buffer,1000000000,14,370
Output,Buffer,1000000000,15,370
Output,Buffer,1000000000,16,370
Output,Buffer,1000000000,17,370
Output,Buffer,1000000000,18,370
Output,Buffer,1000000000,19,370
Output,Buffer,1000000000,20,370
Output,Buffer,1000000000,21,370
Output,Buffer,1000000000,22,370
Output,Buffer,1000000000,23,370
Output,Buffer,1000000000,24,370
Output,Buffer,1000000000,25,370
Output,Buffer,1000000000,26,370
Output,Buffer,1000000000,27,370
Output,Buffer,1000000000,28,370
Output,Buffer,1000000000,29,370
Output,Buffer,1000000000,30,370
Output,Buffer,1000000000,1,380
Output,Buffer,1000000000,2,380
Output,Buffer,1000000000,3,380
Output,Buffer,1000000000,4,380
Output,Buffer,1000000000,5,380
Output,Buffer,1000000000,6,380
Output,Buffer,1000000000,7,380
Output,Buffer,1000000000,8,380
Output,Buffer,1000000000,9,380
Output,Buffer,1000000000,10,380
Output,Buffer,1000000000,11,380
Output,Buffer,1000000000,12,380
Output,Buffer,1000000000,13,380
Output,Buffer,1000000000,14,380
Output,Buffer,1000000000,15,380
Output,Buffer,1000000000,16,380
Output,Buffer,1000000000,17,380
Output,Buffer,1000000000,18,380
Output,Buffer,1000000000,19,380
Output,Buffer,1000000000,20,380
Output,Buffer,1000000000,21,380
Output,Buffer,1000000000,22,380
Output,Buffer,1000000000,23,380
Output,Buffer,1000000000,24,380
Output,Buffer,1000000000,25,380
Output,Buffer,1000000000,26,380
Output,Buffer,1000000000,27,380
Output,Buffer,1000000000,28,380
Output,Buffer,1000000000,29,380
Output,Buffer,1000000000,30,380
Output,Buffer,1000000000,1,390
Output,Buffer,1000000000,2,390
Output,Buffer,1000000000,3,390
Output,Buffer,1000000000,4,390
Output,Buffer,1000000000,5,390
Output,Buffer,1000000000,6,390
Output,Buffer,1000000000,7,390
Output,Buffer,1000000000,8,390
Output,Buffer,1000000000,9,390
Output,Buffer,1000000000,10,390
Output,Buffer,1000000000,11,390
Output,Buffer,1000000000,12,390
Output,Buffer,1000000000,13,390
Output,Buffer,1000000000,14,390
Output,Buffer,1000000000,15,390
Output,Buffer,1000000000,16,390
Output,Buffer,1000000000,17,390
Output,Buffer,1000000000,18,390
Output,Buffer,1000000000,19,390
Output,Buffer,1000000000,20,390
Output,Buffer,1000000000,21,390
Output,Buffer,1000000000,22,390
Output,Buffer,1000000000,23,390
Output,Buffer,1000000000,24,390
Output,Buffer,1000000000,25,390
Output,Buffer,1000000000,26,390
Output,Buffer,1000000000,27,390
Output,Buffer,1000000000,28,390
Output,Buffer,1000000000,29,390
Output,Buffer,1000000000,30,390
Output,Buffer,1000000000,1,400
Output,Buffer,1000000000,2,400
Output,Buffer,1000000000,3,400
Output,Buffer,1000000000,4,400
Output,Buffer,1000000000,5,400
Output,Buffer,1000000000,6,400
Output,Buffer,1000000000,7,400
Output,Buffer,1000000000,8,400
Output,Buffer,1000000000,9,400
Output,Buffer,1000000000,10,400
Output,Buffer,1000000000,11,400
Output,Buffer,1000000000,12,400
Output,Buffer,1000000000,13,400
Output,Buffer,1000000000,14,400
Output,Buffer,1000000000,15,400
Output,Buffer,1000000000,16,400
Output,Buffer,1000000000,17,400
Output,Buffer,1000000000,18,400
Output,Buffer,1000000000,19,400
Output,Buffer,1000000000,20,400
Output,Buffer,1000000000,21,400
Output,Buffer,1000000000,22,400
Output,Buffer,1000000000,23,400
Output,Buffer,1000000000,24,400
Output,Buffer,1000000000,25,400
Output,Buffer,1000000000,26,400
Output,Buffer,1000000000,27,400
Output,Buffer,1000000000,28,400
Output,Buffer,1000000000,29,400
Output,Buffer,1000000000,30,400
Output,Buffer,1000000000,1,410
Output,Buffer,1000000000,2,410
Output,Buffer,1000000000,3,410
Output,Buffer,1000000000,4,410
Output,Buffer,1000000000,5,410
Output,Buffer,1000000000,6,410
Output,Buffer,1000000000,7,410
Output,Buffer,1000000000,8,410
Output,Buffer,1000000000,9,410
Output,Buffer,1000000000,10,410
Output,Buffer,1000000000,11,410
Output,Buffer,1000000000,12,410
Output,Buffer,1000000000,13,410
Output,Buffer,1000000000,14,410
Output,Buffer,1000000000,15,410
Output,Buffer,1000000000,16,410
Output,Buffer,1000000000,17,410
Output,Buffer,1000000000,18,410
Output,Buffer,1000000000,19,410
Output,Buffer,1000000000,20,410
Output,Buffer,1000000000,21,410
Output,Buffer,1000000000,22,410
Output,Buffer,1000000000,23,410
Output,Buffer,1000000000,24,410
Output,Buffer,1000000000,25,410
Output,Buffer,1000000000,26,410
Output,Buffer,1000000000,27,410
Output,Buffer,1000000000,28,410
Output,Buffer,1000000000,29,410
Output,Buffer,1000000000,30,410
Output,Buffer,1000000000,1,420
Output,Buffer,1000000000,2,420
Output,Buffer,1000000000,3,420
Output,Buffer,1000000000,4,420
Output,Buffer,1000000000,5,420
Output,Buffer,1000000000,6,420
Output,Buffer,1000000000,7,420
Output,Buffer,1000000000,8,420
Output,Buffer,1000000000,9,420
Output,Buffer,1000000000,10,420
Output,Buffer,1000000000,11,420
Output,Buffer,1000000000,12,420
Output,Buffer,1000000000,13,420
Output,Buffer,1000000000,14,420
Output,Buffer,1000000000,15,420
Output,Buffer,1000000000,16,420
Output,Buffer,1000000000,17,420
Output,Buffer,1000000000,18,420
Output,Buffer,1000000000,19,420
Output,Buffer,1000000000,20,420
Output,Buffer,1000000000,21,420
Output,Buffer,1000000000,22,420
Output,Buffer,1000000000,23,420
Output,Buffer,1000000000,24,420
Output,Buffer,1000000000,25,420
Output,Buffer,1000000000,26,420
Output,Buffer,1000000000,27,420
Output,Buffer,1000000000,28,420
Output,Buffer,1000000000,29,420
Output,Buffer,1000000000,30,420
Output,Buffer,1000000000,1,430
Output,Buffer,1000000000,2,430
Output,Buffer,1000000000,3,430
Output,Buffer,1000000000,4,430
Output,Buffer,1000000000,5,430
Output,Buffer,1000000000,6,430
Output,Buffer,1000000000,7,430
Output,Buffer,1000000000,8,430
Output,Buffer,1000000000,9,430
Output,Buffer,1000000000,10,430
Output,Buffer,1000000000,11,430
Output,Buffer,1000000000,12,430
Output,Buffer,1000000000,13,430
Output,Buffer,1000000000,14,430
Output,Buffer,1000000000,15,430
Output,Buffer,1000000000,16,430
Output,Buffer,1000000000,17,430
Output,Buffer,1000000000,18,430
Output,Buffer,1000000000,19,430
Output,Buffer,1000000000,20,430
Output,Buffer,1000000000,21,430
Output,Buffer,1000000000,22,430
Output,Buffer,1000000000,23,430
Output,Buffer,1000000000,24,430
Output,Buffer,1000000000,25,430
Output,Buffer,1000000000,26,430
Output,Buffer,1000000000,27,430
Output,Buffer,1000000000,28,430
Output,Buffer,1000000000,29,430
Output,Buffer,1000000000,30,430
Output,Buffer,1000000000,1,440
Output,Buffer,1000000000,2,440
Output,Buffer,1000000000,3,440
Output,Buffer,1000000000,4,440
Output,Buffer,1000000000,5,440
Output,Buffer,1000000000,6,440
Output,Buffer,1000000000,7,440
Output,Buffer,1000000000,8,440
Output,Buffer,1000000000,9,440
Output,Buffer,1000000000,10,440
Output,Buffer,1000000000,11,440
Output,Buffer,1000000000,12,440
Output,Buffer,1000000000,13,440
Output,Buffer,1000000000,14,440
Output,Buffer,1000000000,15,440
Output,Buffer,1000000000,16,440
Output,Buffer,1000000000,17,440
Output,Buffer,1000000000,18,440
Output,Buffer,1000000000,19,440
Output,Buffer,1000000000,20,440
Output,Buffer,1000000000,21,440
Output,Buffer,1000000000,22,440
Output,Buffer,1000000000,23,440
Output,Buffer,1000000000,24,440
Output,Buffer,1000000000,25,440
Output,Buffer,1000000000,26,440
Output,Buffer,1000000000,27,440
Output,Buffer,1000000000,28,440
Output,Buffer,1000000000,29,440
Output,Buffer,1000000000,30,440
Output,Buffer,1000000000,1,450
Output,Buffer,1000000000,2,450
Output,Buffer,1000000000,3,450
Output,Buffer,1000000000,4,450
Output,Buffer,1000000000,5,450
Output,Buffer,1000000000,6,450
Output,Buffer,1000000000,7,450
Output,Buffer,1000000000,8,450
Output,Buffer,1000000000,9,450
Output,Buffer,1000000000,10,450
Output,Buffer,1000000000,11,450
Output,Buffer,1000000000,12,450
Output,Buffer,1000000000,13,450
Output,Buffer,1000000000,14,450
Output,Buffer,1000000000,15,450
Output,Buffer,1000000000,16,450
Output,Buffer,1000000000,17,450
Output,Buffer,1000000000,18,450
Output,Buffer,1000000000,19,450
Output,Buffer,1000000000,20,450
Output,Buffer,1000000000,21,450
Output,Buffer,1000000000,22,450
Output,Buffer,1000000000,23,450
Output,Buffer,1000000000,24,450
Output,Buffer,1000000000,25,450
Output,Buffer,1000000000,26,450
Output,Buffer,1000000000,27,450
Output,Buffer,1000000000,28,450
Output,Buffer,1000000000,29,450
Output,Buffer,1000000000,30,450
Output,Buffer,1000000000,1,460
Output,Buffer,1000000000,2,460
Output,Buffer,1000000000,3,460
Output,Buffer,1000000000,4,460
Output,Buffer,1000000000,5,460
Output,Buffer,1000000000,6,460
Output,Buffer,1000000000,7,460
Output,Buffer,1000000000,8,460
Output,Buffer,1000000000,9,460
Output,Buffer,1000000000,10,460
Output,Buffer,1000000000,11,460
Output,Buffer,1000000000,12,460
Output,Buffer,1000000000,13,460
Output,Buffer,1000000000,14,460
Output,Buffer,1000000000,15,460
Output,Buffer,1000000000,16,460
Output,Buffer,1000000000,17,460
Output,Buffer,1000000000,18,460
Output,Buffer,1000000000,19,460
Output,Buffer,1000000000,20,460
Output,Buffer,1000000000,21,460
Output,Buffer,1000000000,22,460
Output,Buffer,1000000000,23,460
Output,Buffer,1000000000,24,460
Output,Buffer,1000000000,25,460
Output,Buffer,1000000000,26,460
Output,Buffer,1000000000,27,460
Output,Buffer,1000000000,28,460
Output,Buffer,1000000000,29,460
Output,Buffer,1000000000,30,460
Output,Buffer,1000000000,1,470
Output,Buffer,1000000000,2,470
Output,Buffer,1000000000,3,470
Output,Buffer,1000000000,4,470
Output,Buffer,1000000000,5,470
Output,Buffer,1000000000,6,470
Output,Buffer,1000000000,7,470
Output,Buffer,1000000000,8,470
Output,Buffer,1000000000,9,470
Output,Buffer,1000000000,10,470
Output,Buffer,1000000000,11,470
Output,Buffer,1000000000,12,470
Output,Buffer,1000000000,13,470
Output,Buffer,1000000000,14,470
Output,Buffer,1000000000,15,470
Output,Buffer,1000000000,16,470
Output,Buffer,1000000000,17,470
Output,Buffer,1000000000,18,470
Output,Buffer,1000000000,19,470
Output,Buffer,1000000000,20,470
Output,Buffer,1000000000,21,470
Output,Buffer,1000000000,22,470
Output,Buffer,1000000000,23,470
Output,Buffer,1000000000,24,470
Output,Buffer,1000000000,25,470
Output,Buffer,1000000000,26,470
Output,Buffer,1000000000,27,470
Output,Buffer,1000000000,28,470
Output,Buffer,1000000000,29,470
Output,Buffer,1000000000,30,470
Output,Buffer,1000000000,1,480
Output,Buffer,1000000000,2,480
Output,Buffer,1000000000,3,480
Output,Buffer,1000000000,4,480
Output,Buffer,1000000000,5,480
Output,Buffer,1000000000,6,480
Output,Buffer,1000000000,7,480
Output,Buffer,1000000000,8,480
Output,Buffer,1000000000,9,480
Output,Buffer,1000000000,10,480
Output,Buffer,1000000000,11,480
Output,Buffer,1000000000,12,480
Output,Buffer,1000000000,13,480
Output,Buffer,1000000000,14,480
Output,Buffer,1000000000,15,480
Output,Buffer,1000000000,16,480
Output,Buffer,1000000000,17,480
Output,Buffer,1000000000,18,480
Output,Buffer,1000000000,19,480
Output,Buffer,1000000000,20,480
Output,Buffer,1000000000,21,480
Output,Buffer,1000000000,22,480
Output,Buffer,1000000000,23,480
Output,Buffer,1000000000,24,480
Output,Buffer,1000000000,25,480
Output,Buffer,1000000000,26,480
Output,Buffer,1000000000,27,480
Output,Buffer,1000000000,28,480
Output,Buffer,1000000000,29,480
Output,Buffer,1000000000,30,480
Output,Buffer,1000000000,1,490
Output,Buffer,1000000000,2,490
Output,Buffer,1000000000,3,490
Output,Buffer,1000000000,4,490
Output,Buffer,1000000000,5,490
Output,Buffer,1000000000,6,490
Output,Buffer,1000000000,7,490
Output,Buffer,1000000000,8,490
Output,Buffer,1000000000,9,490
Output,Buffer,1000000000,10,490
Output,Buffer,1000000000,11,490
Output,Buffer,1000000000,12,490
Output,Buffer,1000000000,13,490
Output,Buffer,1000000000,14,490
Output,Buffer,1000000000,15,490
Output,Buffer,1000000000,16,490
Output,Buffer,1000000000,17,490
Output,Buffer,1000000000,18,490
Output,Buffer,1000000000,19,490
Output,Buffer,1000000000,20,490
Output,Buffer,1000000000,21,490
Output,Buffer,1000000000,22,490
Output,Buffer,1000000000,23,490
Output,Buffer,1000000000,24,490
Output,Buffer,1000000000,25,490
Output,Buffer,1000000000,26,490
Output,Buffer,1000000000,27,490
Output,Buffer,1000000000,28,490
Output,Buffer,1000000000,29,490
Output,Buffer,1000000000,30,490
Output,Buffer,1000000000,1,500
Output,Buffer,1000000000,2,500
Output,Buffer,1000000000,3,500
Output,Buffer,1000000000,4,500
Output,Buffer,1000000000,5,500
Output,Buffer,1000000000,6,500
Output,Buffer,1000000000,7,500
Output,Buffer,1000000000,8,500
Output,Buffer,1000000000,9,500
Output,Buffer,1000000000,10,500
Output,Buffer,1000000000,11,500
Output,Buffer,1000000000,12,500
Output,Buffer,1000000000,13,500
Output,Buffer,1000000000,14,500
Output,Buffer,1000000000,15,500
Output,Buffer,1000000000,16,500
Output,Buffer,1000000000,17,500
Output,Buffer,1000000000,18,500
Output,Buffer,1000000000,19,500
Output,Buffer,1000000000,20,500
Output,Buffer,1000000000,21,500
Output,Buffer,1000000000,22,500
Output,Buffer,1000000000,23,500
Output,Buffer,1000000000,24,500
Output,Buffer,1000000000,25,500
Output,Buffer,1000000000,26,500
Output,Buffer,1000000000,27,500
Output,Buffer,1000000000,28,500
Output,Buffer,1000000000,29,500
Output,Buffer,1000000000,30,500
Output,Buffer,1000000000,1,510
Output,Buffer,1000000000,2,510
Output,Buffer,1000000000,3,510
Output,Buffer,1000000000,4,510
Output,Buffer,1000000000,5,510
Output,Buffer,1000000000,6,510
Output,Buffer,1000000000,7,510
Output,Buffer,1000000000,8,510
Output,Buffer,1000000000,9,510
Output,Buffer,1000000000,10,510
Output,Buffer,1000000000,11,510
Output,Buffer,1000000000,12,510
Output,Buffer,1000000000,13,510
Output,Buffer,1000000000,14,510
Output,Buffer,1000000000,15,510
Output,Buffer,1000000000,16,510
Output,Buffer,1000000000,17,510
Output,Buffer,1000000000,18,510
Output,Buffer,1000000000,19,510
Output,Buffer,1000000000,20,510
Output,Buffer,1000000000,21,510
Output,Buffer,1000000000,22,510
Output,Buffer,1000000000,23,510
Output,Buffer,1000000000,24,510
Output,Buffer,1000000000,25,510
Output,Buffer,1000000000,26,510
Output,Buffer,1000000000,27,510
Output,Buffer,1000000000,28,510
Output,Buffer,1000000000,29,510
Output,Buffer,1000000000,30,510
Output,Buffer,1000000000,1,520
Output,Buffer,1000000000,2,520
Output,Buffer,1000000000,3,520
Output,Buffer,1000000000,4,520
Output,Buffer,1000000000,5,520
Output,Buffer,1000000000,6,520
Output,Buffer,1000000000,7,520
Output,Buffer,1000000000,8,520
Output,Buffer,1000000000,9,520
Output,Buffer,1000000000,10,520
Output,Buffer,1000000000,11,520
Output,Buffer,1000000000,12,520
Output,Buffer,1000000000,13,520
Output,Buffer,1000000000,14,520
Output,Buffer,1000000000,15,520
Output,Buffer,1000000000,16,520
Output,Buffer,1000000000,17,520
Output,Buffer,1000000000,18,520
Output,Buffer,1000000000,19,520
Output,Buffer,1000000000,20,520
Output,Buffer,1000000000,21,520
Output,Buffer,1000000000,22,520
Output,Buffer,1000000000,23,520
Output,Buffer,1000000000,24,520
Output,Buffer,1000000000,25,520
Output,Buffer,1000000000,26,520
Output,Buffer,1000000000,27,520
Output,Buffer,1000000000,28,520
Output,Buffer,1000000000,29,520
Output,Buffer,1000000000,30,520
Output,Buffer,1000000000,1,530
Output,Buffer,1000000000,2,530
Output,Buffer,1000000000,3,530
Output,Buffer,1000000000,4,530
Output,Buffer,1000000000,5,530
Output,Buffer,1000000000,6,530
Output,Buffer,1000000000,7,530
Output,Buffer,1000000000,8,530
Output,Buffer,1000000000,9,530
Output,Buffer,1000000000,10,530
Output,Buffer,1000000000,11,530
Output,Buffer,1000000000,12,530
Output,Buffer,1000000000,13,530
Output,Buffer,1000000000,14,530
Output,Buffer,1000000000,15,530
Output,Buffer,1000000000,16,530
Output,Buffer,1000000000,17,530
Output,Buffer,1000000000,18,530
Output,Buffer,1000000000,19,530
Output,Buffer,1000000000,20,530
Output,Buffer,1000000000,21,530
Output,Buffer,1000000000,22,530
Output,Buffer,1000000000,23,530
Output,Buffer,1000000000,24,530
Output,Buffer,1000000000,25,530
Output,Buffer,1000000000,26,530
Output,Buffer,1000000000,27,530
Output,Buffer,1000000000,28,530
Output,Buffer,1000000000,29,530
Output,Buffer,1000000000,30,530
Output,Buffer,1000000000,1,540
Output,Buffer,1000000000,2,540
Output,Buffer,1000000000,3,540
Output,Buffer,1000000000,4,540
Output,Buffer,1000000000,5,540
Output,Buffer,1000000000,6,540
Output,Buffer,1000000000,7,540
Output,Buffer,1000000000,8,540
Output,Buffer,1000000000,9,540
Output,Buffer,1000000000,10,540
Output,Buffer,1000000000,11,540
Output,Buffer,1000000000,12,540
Output,Buffer,1000000000,13,540
Output,Buffer,1000000000,14,540
Output,Buffer,1000000000,15,540
Output,Buffer,1000000000,16,540
Output,Buffer,1000000000,17,540
Output,Buffer,1000000000,18,540
Output,Buffer,1000000000,19,540
Output,Buffer,1000000000,20,540
Output,Buffer,1000000000,21,540
Output,Buffer,1000000000,22,540
Output,Buffer,1000000000,23,540
Output,Buffer,1000000000,24,540
Output,Buffer,1000000000,25,540
Output,Buffer,1000000000,26,540
Output,Buffer,1000000000,27,540
Output,Buffer,1000000000,28,540
Output,Buffer,1000000000,29,540
Output,Buffer,1000000000,30,540
Output,Buffer,1000000000,1,550
Output,Buffer,1000000000,2,550
Output,Buffer,1000000000,3,550
Output,Buffer,1000000000,4,550
Output,Buffer,1000000000,5,550
Output,Buffer,1000000000,6,550
Output,Buffer,1000000000,7,550
Output,Buffer,1000000000,8,550
Output,Buffer,1000000000,9,550
Output,Buffer,1000000000,10,550
Output,Buffer,1000000000,11,550
Output,Buffer,1000000000,12,550
Output,Buffer,1000000000,13,550
Output,Buffer,1000000000,14,550
Output,Buffer,1000000000,15,550
Output,Buffer,1000000000,16,550
Output,Buffer,1000000000,17,550
Output,Buffer,1000000000,18,550
Output,Buffer,1000000000,19,550
Output,Buffer,1000000000,20,550
Output,Buffer,1000000000,21,550
Output,Buffer,1000000000,22,550
Output,Buffer,1000000000,23,550
Output,Buffer,1000000000,24,550
Output,Buffer,1000000000,25,550
Output,Buffer,1000000000,26,550
Output,Buffer,1000000000,27,550
Output,Buffer,1000000000,28,550
Output,Buffer,1000000000,29,550
Output,Buffer,1000000000,30,550
Output,Buffer,1000000000,1,560
Output,Buffer,1000000000,2,560
Output,Buffer,1000000000,3,560
Output,Buffer,1000000000,4,560
Output,Buffer,1000000000,5,560
Output,Buffer,1000000000,6,560
Output,Buffer,1000000000,7,560
Output,Buffer,1000000000,8,560
Output,Buffer,1000000000,9,560
Output,Buffer,1000000000,10,560
Output,Buffer,1000000000,11,560
Output,Buffer,1000000000,12,560
Output,Buffer,1000000000,13,560
Output,Buffer,1000000000,14,560
Output,Buffer,1000000000,15,560
Output,Buffer,1000000000,16,560
Output,Buffer,1000000000,17,560
Output,Buffer,1000000000,18,560
Output,Buffer,1000000000,19,560
Output,Buffer,1000000000,20,560
Output,Buffer,1000000000,21,560
Output,Buffer,1000000000,22,560
Output,Buffer,1000000000,23,560
Output,Buffer,1000000000,24,560
Output,Buffer,1000000000,25,560
Output,Buffer,1000000000,26,560
Output,Buffer,1000000000,27,560
Output,Buffer,1000000000,28,560
Output,Buffer,1000000000,29,560
Output,Buffer,1000000000,30,560
Output,Buffer,1000000000,1,570
Output,Buffer,1000000000,2,570
Output,Buffer,1000000000,3,570
Output,Buffer,1000000000,4,570
Output,Buffer,1000000000,5,570
Output,Buffer,1000000000,6,570
Output,Buffer,1000000000,7,570
Output,Buffer,1000000000,8,570
Output,Buffer,1000000000,9,570
Output,Buffer,1000000000,10,570
Output,Buffer,1000000000,11,570
Output,Buffer,1000000000,12,570
Output,Buffer,1000000000,13,570
Output,Buffer,1000000000,14,570
Output,Buffer,1000000000,15,570
Output,Buffer,1000000000,16,570
Output,Buffer,1000000000,17,570
Output,Buffer,1000000000,18,570
Output,Buffer,1000000000,19,570
Output,Buffer,1000000000,20,570
Output,Buffer,1000000000,21,570
Output,Buffer,1000000000,22,570
Output,Buffer,1000000000,23,570
Output,Buffer,1000000000,24,570
Output,Buffer,1000000000,25,570
Output,Buffer,1000000000,26,570
Output,Buffer,1000000000,27,570
Output,Buffer,1000000000,28,570
Output,Buffer,1000000000,29,570
Output,Buffer,1000000000,30,570
Output,Buffer,1000000000,1,580
Output,Buffer,1000000000,2,580
Output,Buffer,1000000000,3,580
Output,Buffer,1000000000,4,580
Output,Buffer,1000000000,5,580
Output,Buffer,1000000000,6,580
Output,Buffer,1000000000,7,580
Output,Buffer,1000000000,8,580
Output,Buffer,1000000000,9,580
Output,Buffer,1000000000,10,580
Output,Buffer,1000000000,11,580
Output,Buffer,1000000000,12,580
Output,Buffer,1000000000,13,580
Output,Buffer,1000000000,14,580
Output,Buffer,1000000000,15,580
Output,Buffer,1000000000,16,580
Output,Buffer,1000000000,17,580
Output,Buffer,1000000000,18,580
Output,Buffer,1000000000,19,580
Output,Buffer,1000000000,20,580
Output,Buffer,1000000000,21,580
Output,Buffer,1000000000,22,580
Output,Buffer,1000000000,23,580
Output,Buffer,1000000000,24,580
Output,Buffer,1000000000,25,580
Output,Buffer,1000000000,26,580
Output,Buffer,1000000000,27,580
Output,Buffer,1000000000,28,580
Output,Buffer,1000000000,29,580
Output,Buffer,1000000000,30,580
Output,Buffer,1000000000,1,590
Output,Buffer,1000000000,2,590
Output,Buffer,1000000000,3,590
Output,Buffer,1000000000,4,590
Output,Buffer,1000000000,5,590
Output,Buffer,1000000000,6,590
Output,Buffer,1000000000,7,590
Output,Buffer,1000000000,8,590
Output,Buffer,1000000000,9,590
Output,Buffer,1000000000,10,590
Output,Buffer,1000000000,11,590
Output,Buffer,1000000000,12,590
Output,Buffer,1000000000,13,590
Output,Buffer,1000000000,14,590
Output,Buffer,1000000000,15,590
Output,Buffer,1000000000,16,590
Output,Buffer,1000000000,17,590
Output,Buffer,1000000000,18,590
Output,Buffer,1000000000,19,590
Output,Buffer,1000000000,20,590
Output,Buffer,1000000000,21,590
Output,Buffer,1000000000,22,590
Output,Buffer,1000000000,23,590
Output,Buffer,1000000000,24,590
Output,Buffer,1000000000,25,590
Output,Buffer,1000000000,26,590
Output,Buffer,1000000000,27,590
Output,Buffer,1000000000,28,590
Output,Buffer,1000000000,29,590
Output,Buffer,1000000000,30,590
Output,Buffer,1000000000,1,600
Output,Buffer,1000000000,2,600
Output,Buffer,1000000000,3,600
Output,Buffer,1000000000,4,600
Output,Buffer,1000000000,5,600
Output,Buffer,1000000000,6,600
Output,Buffer,1000000000,7,600
Output,Buffer,1000000000,8,600
Output,Buffer,1000000000,9,600
Output,Buffer,1000000000,10,600
Output,Buffer,1000000000,11,600
Output,Buffer,1000000000,12,600
Output,Buffer,1000000000,13,600
Output,Buffer,1000000000,14,600
Output,Buffer,1000000000,15,600
Output,Buffer,1000000000,16,600
Output,Buffer,1000000000,17,600
Output,Buffer,1000000000,18,600
Output,Buffer,1000000000,19,600
Output,Buffer,1000000000,20,600
Output,Buffer,1000000000,21,600
Output,Buffer,1000000000,22,600
Output,Buffer,1000000000,23,600
Output,Buffer,1000000000,24,600
Output,Buffer,1000000000,25,600
Output,Buffer,1000000000,26,600
Output,Buffer,1000000000,27,600
Output,Buffer,1000000000,28,600
Output,Buffer,1000000000,29,600
Output,Buffer,1000000000,30,600
Output,Buffer,1000000000,1,610
Output,Buffer,1000000000,2,610
Output,Buffer,1000000000,3,610
Output,Buffer,1000000000,4,610
Output,Buffer,1000000000,5,610
Output,Buffer,1000000000,6,610
Output,Buffer,1000000000,7,610
Output,Buffer,1000000000,8,610
Output,Buffer,1000000000,9,610
Output,Buffer,1000000000,10,610
Output,Buffer,1000000000,11,610
Output,Buffer,1000000000,12,610
Output,Buffer,1000000000,13,610
Output,Buffer,1000000000,14,610
Output,Buffer,1000000000,15,610
Output,Buffer,1000000000,16,610
Output,Buffer,1000000000,17,610
Output,Buffer,1000000000,18,610
Output,Buffer,1000000000,19,610
Output,Buffer,1000000000,20,610
Output,Buffer,1000000000,21,610
Output,Buffer,1000000000,22,610
Output,Buffer,1000000000,23,610
Output,Buffer,1000000000,24,610
Output,Buffer,1000000000,25,610
Output,Buffer,1000000000,26,610
Output,Buffer,1000000000,27,610
Output,Buffer,1000000000,28,610
Output,Buffer,1000000000,29,610
Output,Buffer,1000000000,30,610
Output,Buffer,1000000000,1,620
Output,Buffer,1000000000,2,620
Output,Buffer,1000000000,3,620
Output,Buffer,1000000000,4,620
Output,Buffer,1000000000,5,620
Output,Buffer,1000000000,6,620
Output,Buffer,1000000000,7,620
Output,Buffer,1000000000,8,620
Output,Buffer,1000000000,9,620
Output,Buffer,1000000000,10,620
Output,Buffer,1000000000,11,620
Output,Buffer,1000000000,12,620
Output,Buffer,1000000000,13,620
Output,Buffer,1000000000,14,620
Output,Buffer,1000000000,15,620
Output,Buffer,1000000000,16,620
Output,Buffer,1000000000,17,620
Output,Buffer,1000000000,18,620
Output,Buffer,1000000000,19,620
Output,Buffer,1000000000,20,620
Output,Buffer,1000000000,21,620
Output,Buffer,1000000000,22,620
Output,Buffer,1000000000,23,620
Output,Buffer,1000000000,24,620
Output,Buffer,1000000000,25,620
Output,Buffer,1000000000,26,620
Output,Buffer,1000000000,27,620
Output,Buffer,1000000000,28,620
Output,Buffer,1000000000,29,620
Output,Buffer,1000000000,30,620
Output,Buffer,1000000000,1,630
Output,Buffer,1000000000,2,630
Output,Buffer,1000000000,3,630
Output,Buffer,1000000000,4,630
Output,Buffer,1000000000,5,630
Output,Buffer,1000000000,6,630
Output,Buffer,1000000000,7,630
Output,Buffer,1000000000,8,630
Output,Buffer,1000000000,9,630
Output,Buffer,1000000000,10,630
Output,Buffer,1000000000,11,630
Output,Buffer,1000000000,12,630
Output,Buffer,1000000000,13,630
Output,Buffer,1000000000,14,630
Output,Buffer,1000000000,15,630
Output,Buffer,1000000000,16,630
Output,Buffer,1000000000,17,630
Output,Buffer,1000000000,18,630
Output,Buffer,1000000000,19,630
Output,Buffer,1000000000,20,630
Output,Buffer,1000000000,21,630
Output,Buffer,1000000000,22,630
Output,Buffer,1000000000,23,630
Output,Buffer,1000000000,24,630
Output,Buffer,1000000000,25,630
Output,Buffer,1000000000,26,630
Output,Buffer,1000000000,27,630
Output,Buffer,1000000000,28,630
Output,Buffer,1000000000,29,630
Output,Buffer,1000000000,30,630
Output,Buffer,1000000000,1,640
Output,Buffer,1000000000,2,640
Output,Buffer,1000000000,3,640
Output,Buffer,1000000000,4,640
Output,Buffer,1000000000,5,640
Output,Buffer,1000000000,6,640
Output,Buffer,1000000000,7,640
Output,Buffer,1000000000,8,640
Output,Buffer,1000000000,9,640
Output,Buffer,1000000000,10,640
Output,Buffer,1000000000,11,640
Output,Buffer,1000000000,12,640
Output,Buffer,1000000000,13,640
Output,Buffer,1000000000,14,640
Output,Buffer,1000000000,15,640
Output,Buffer,1000000000,16,640
Output,Buffer,1000000000,17,640
Output,Buffer,1000000000,18,640
Output,Buffer,1000000000,19,640
Output,Buffer,1000000000,20,640
Output,Buffer,1000000000,21,640
Output,Buffer,1000000000,22,640
Output,Buffer,1000000000,23,640
Output,Buffer,1000000000,24,640
Output,Buffer,1000000000,25,640
Output,Buffer,1000000000,26,640
Output,Buffer,1000000000,27,640
Output,Buffer,1000000000,28,640
Output,Buffer,1000000000,29,640
Output,Buffer,1000000000,30,640
Output,Buffer,1000000000,1,650
Output,Buffer,1000000000,2,650
Output,Buffer,1000000000,3,650
Output,Buffer,1000000000,4,650
Output,Buffer,1000000000,5,650
Output,Buffer,1000000000,6,650
Output,Buffer,1000000000,7,650
Output,Buffer,1000000000,8,650
Output,Buffer,1000000000,9,650
Output,Buffer,1000000000,10,650
Output,Buffer,1000000000,11,650
Output,Buffer,1000000000,12,650
Output,Buffer,1000000000,13,650
Output,Buffer,1000000000,14,650
Output,Buffer,1000000000,15,650
Output,Buffer,1000000000,16,650
Output,Buffer,1000000000,17,650
Output,Buffer,1000000000,18,650
Output,Buffer,1000000000,19,650
Output,Buffer,1000000000,20,650
Output,Buffer,1000000000,21,650
Output,Buffer,1000000000,22,650
Output,Buffer,1000000000,23,650
Output,Buffer,1000000000,24,650
Output,Buffer,1000000000,25,650
Output,Buffer,1000000000,26,650
Output,Buffer,1000000000,27,650
Output,Buffer,1000000000,28,650
Output,Buffer,1000000000,29,650
Output,Buffer,1000000000,30,650
Output,Buffer,1000000000,1,660
Output,Buffer,1000000000,2,660
Output,Buffer,1000000000,3,660
Output,Buffer,1000000000,4,660
Output,Buffer,1000000000,5,660
Output,Buffer,1000000000,6,660
Output,Buffer,1000000000,7,660
Output,Buffer,1000000000,8,660
Output,Buffer,1000000000,9,660
Output,Buffer,1000000000,10,660
Output,Buffer,1000000000,11,660
Output,Buffer,1000000000,12,660
Output,Buffer,1000000000,13,660
Output,Buffer,1000000000,14,660
Output,Buffer,1000000000,15,660
Output,Buffer,1000000000,16,660
Output,Buffer,1000000000,17,660
Output,Buffer,1000000000,18,660
Output,Buffer,1000000000,19,660
Output,Buffer,1000000000,20,660
Output,Buffer,1000000000,21,660
Output,Buffer,1000000000,22,660
Output,Buffer,1000000000,23,660
Output,Buffer,1000000000,24,660
Output,Buffer,1000000000,25,660
Output,Buffer,1000000000,26,660
Output,Buffer,1000000000,27,660
Output,Buffer,1000000000,28,660
Output,Buffer,1000000000,29,660
Output,Buffer,1000000000,30,660
Output,Buffer,1000000000,1,670
Output,Buffer,1000000000,2,670
Output,Buffer,1000000000,3,670
Output,Buffer,1000000000,4,670
Output,Buffer,1000000000,5,670
Output,Buffer,1000000000,6,670
Output,Buffer,1000000000,7,670
Output,Buffer,1000000000,8,670
Output,Buffer,1000000000,9,670
Output,Buffer,1000000000,10,670
Output,Buffer,1000000000,11,670
Output,Buffer,1000000000,12,670
Output,Buffer,1000000000,13,670
Output,Buffer,1000000000,14,670
Output,Buffer,1000000000,15,670
Output,Buffer,1000000000,16,670
Output,Buffer,1000000000,17,670
Output,Buffer,1000000000,18,670
Output,Buffer,1000000000,19,670
Output,Buffer,1000000000,20,670
Output,Buffer,1000000000,21,670
Output,Buffer,1000000000,22,670
Output,Buffer,1000000000,23,670
Output,Buffer,1000000000,24,670
Output,Buffer,1000000000,25,670
Output,Buffer,1000000000,26,670
Output,Buffer,1000000000,27,670
Output,Buffer,1000000000,28,670
Output,Buffer,1000000000,29,670
Output,Buffer,1000000000,30,670
Output,Buffer,1000000000,1,680
Output,Buffer,1000000000,2,680
Output,Buffer,1000000000,3,680
Output,Buffer,1000000000,4,680
Output,Buffer,1000000000,5,680
Output,Buffer,1000000000,6,680
Output,Buffer,1000000000,7,680
Output,Buffer,1000000000,8,680
Output,Buffer,1000000000,9,680
Output,Buffer,1000000000,10,680
Output,Buffer,1000000000,11,680
Output,Buffer,1000000000,12,680
Output,Buffer,1000000000,13,680
Output,Buffer,1000000000,14,680
Output,Buffer,1000000000,15,680
Output,Buffer,1000000000,16,680
Output,Buffer,1000000000,17,680
Output,Buffer,1000000000,18,680
Output,Buffer,1000000000,19,680
Output,Buffer,1000000000,20,680
Output,Buffer,1000000000,21,680
Output,Buffer,1000000000,22,680
Output,Buffer,1000000000,23,680
Output,Buffer,1000000000,24,680
Output,Buffer,1000000000,25,680
Output,Buffer,1000000000,26,680
Output,Buffer,1000000000,27,680
Output,Buffer,1000000000,28,680
Output,Buffer,1000000000,29,680
Output,Buffer,1000000000,30,680
Output,Buffer,1000000000,1,690
Output,Buffer,1000000000,2,690
Output,Buffer,1000000000,3,690
Output,Buffer,1000000000,4,690
Output,Buffer,1000000000,5,690
Output,Buffer,1000000000,6,690
Output,Buffer,1000000000,7,690
Output,Buffer,1000000000,8,690
Output,Buffer,1000000000,9,690
Output,Buffer,1000000000,10,690
Output,Buffer,1000000000,11,690
Output,Buffer,1000000000,12,690
Output,Buffer,1000000000,13,690
Output,Buffer,1000000000,14,690
Output,Buffer,1000000000,15,690
Output,Buffer,1000000000,16,690
Output,Buffer,1000000000,17,690
Output,Buffer,1000000000,18,690
Output,Buffer,1000000000,19,690
Output,Buffer,1000000000,20,690
Output,Buffer,1000000000,21,690
Output,Buffer,1000000000,22,690
Output,Buffer,1000000000,23,690
Output,Buffer,1000000000,24,690
Output,Buffer,1000000000,25,690
Output,Buffer,1000000000,26,690
Output,Buffer,1000000000,27,690
Output,Buffer,1000000000,28,690
Output,Buffer,1000000000,29,690
Output,Buffer,1000000000,30,690
Output,Buffer,1000000000,1,700
Output,Buffer,1000000000,2,700
Output,Buffer,1000000000,3,700
Output,Buffer,1000000000,4,700
Output,Buffer,1000000000,5,700
Output,Buffer,1000000000,6,700
Output,Buffer,1000000000,7,700
Output,Buffer,1000000000,8,700
Output,Buffer,1000000000,9,700
Output,Buffer,1000000000,10,700
Output,Buffer,1000000000,11,700
Output,Buffer,1000000000,12,700
Output,Buffer,1000000000,13,700
Output,Buffer,1000000000,14,700
Output,Buffer,1000000000,15,700
Output,Buffer,1000000000,16,700
Output,Buffer,1000000000,17,700
Output,Buffer,1000000000,18,700
Output,Buffer,1000000000,19,700
Output,Buffer,1000000000,20,700
Output,Buffer,1000000000,21,700
Output,Buffer,1000000000,22,700
Output,Buffer,1000000000,23,700
Output,Buffer,1000000000,24,700
Output,Buffer,1000000000,25,700
Output,Buffer,1000000000,26,700
Output,Buffer,1000000000,27,700
Output,Buffer,1000000000,28,700
Output,Buffer,1000000000,29,700
Output,Buffer,1000000000,30,700
Output,Buffer,1000000000,1,710
Output,Buffer,1000000000,2,710
Output,Buffer,1000000000,3,710
Output,Buffer,1000000000,4,710
Output,Buffer,1000000000,5,710
Output,Buffer,1000000000,6,710
Output,Buffer,1000000000,7,710
Output,Buffer,1000000000,8,710
Output,Buffer,1000000000,9,710
Output,Buffer,1000000000,10,710
Output,Buffer,1000000000,11,710
Output,Buffer,1000000000,12,710
Output,Buffer,1000000000,13,710
Output,Buffer,1000000000,14,710
Output,Buffer,1000000000,15,710
Output,Buffer,1000000000,16,710
Output,Buffer,1000000000,17,710
Output,Buffer,1000000000,18,710
Output,Buffer,1000000000,19,710
Output,Buffer,1000000000,20,710
Output,Buffer,1000000000,21,710
Output,Buffer,1000000000,22,710
Output,Buffer,1000000000,23,710
Output,Buffer,1000000000,24,710
Output,Buffer,1000000000,25,710
Output,Buffer,1000000000,26,710
Output,Buffer,1000000000,27,710
Output,Buffer,1000000000,28,710
Output,Buffer,1000000000,29,710
Output,Buffer,1000000000,30,710
Output,Buffer,1000000000,1,720
Output,Buffer,1000000000,2,720
Output,Buffer,1000000000,3,720
Output,Buffer,1000000000,4,720
Output,Buffer,1000000000,5,720
Output,Buffer,1000000000,6,720
Output,Buffer,1000000000,7,720
Output,Buffer,1000000000,8,720
Output,Buffer,1000000000,9,720
Output,Buffer,1000000000,10,720
Output,Buffer,1000000000,11,720
Output,Buffer,1000000000,12,720
Output,Buffer,1000000000,13,720
Output,Buffer,1000000000,14,720
Output,Buffer,1000000000,15,720
Output,Buffer,1000000000,16,720
Output,Buffer,1000000000,17,720
Output,Buffer,1000000000,18,720
Output,Buffer,1000000000,19,720
Output,Buffer,1000000000,20,720
Output,Buffer,1000000000,21,720
Output,Buffer,1000000000,22,720
Output,Buffer,1000000000,23,720
Output,Buffer,1000000000,24,720
Output,Buffer,1000000000,25,720
Output,Buffer,1000000000,26,720
Output,Buffer,1000000000,27,720
Output,Buffer,1000000000,28,720
Output,Buffer,1000000000,29,720
Output,Buffer,1000000000,30,720
Output,Buffer,1000000000,1,730
Output,Buffer,1000000000,2,730
Output,Buffer,1000000000,3,730
Output,Buffer,1000000000,4,730
Output,Buffer,1000000000,5,730
Output,Buffer,1000000000,6,730
Output,Buffer,1000000000,7,730
Output,Buffer,1000000000,8,730
Output,Buffer,1000000000,9,730
Output,Buffer,1000000000,10,730
Output,Buffer,1000000000,11,730
Output,Buffer,1000000000,12,730
Output,Buffer,1000000000,13,730
Output,Buffer,1000000000,14,730
Output,Buffer,1000000000,15,730
Output,Buffer,1000000000,16,730
Output,Buffer,1000000000,17,730
Output,Buffer,1000000000,18,730
Output,Buffer,1000000000,19,730
Output,Buffer,1000000000,20,730
Output,Buffer,1000000000,21,730
Output,Buffer,1000000000,22,730
Output,Buffer,1000000000,23,730
Output,Buffer,1000000000,24,730
Output,Buffer,1000000000,25,730
Output,Buffer,1000000000,26,730
Output,Buffer,1000000000,27,730
Output,Buffer,1000000000,28,730
Output,Buffer,1000000000,29,730
Output,Buffer,1000000000,30,730
Output,Buffer,1000000000,1,740
Output,Buffer,1000000000,2,740
Output,Buffer,1000000000,3,740
Output,Buffer,1000000000,4,740
Output,Buffer,1000000000,5,740
Output,Buffer,1000000000,6,740
Output,Buffer,1000000000,7,740
Output,Buffer,1000000000,8,740
Output,Buffer,1000000000,9,740
Output,Buffer,1000000000,10,740
Output,Buffer,1000000000,11,740
Output,Buffer,1000000000,12,740
Output,Buffer,1000000000,13,740
Output,Buffer,1000000000,14,740
Output,Buffer,1000000000,15,740
Output,Buffer,1000000000,16,740
Output,Buffer,1000000000,17,740
Output,Buffer,1000000000,18,740
Output,Buffer,1000000000,19,740
Output,Buffer,1000000000,20,740
Output,Buffer,1000000000,21,740
Output,Buffer,1000000000,22,740
Output,Buffer,1000000000,23,740
Output,Buffer,1000000000,24,740
Output,Buffer,1000000000,25,740
Output,Buffer,1000000000,26,740
Output,Buffer,1000000000,27,740
Output,Buffer,1000000000,28,740
Output,Buffer,1000000000,29,740
Output,Buffer,1000000000,30,740
Output,Buffer,1000000000,1,750
Output,Buffer,1000000000,2,750
Output,Buffer,1000000000,3,750
Output,Buffer,1000000000,4,750
Output,Buffer,1000000000,5,750
Output,Buffer,1000000000,6,750
Output,Buffer,1000000000,7,750
Output,Buffer,1000000000,8,750
Output,Buffer,1000000000,9,750
Output,Buffer,1000000000,10,750
Output,Buffer,1000000000,11,750
Output,Buffer,1000000000,12,750
Output,Buffer,1000000000,13,750
Output,Buffer,1000000000,14,750
Output,Buffer,1000000000,15,750
Output,Buffer,1000000000,16,750
Output,Buffer,1000000000,17,750
Output,Buffer,1000000000,18,750
Output,Buffer,1000000000,19,750
Output,Buffer,1000000000,20,750
Output,Buffer,1000000000,21,750
Output,Buffer,1000000000,22,750
Output,Buffer,1000000000,23,750
Output,Buffer,1000000000,24,750
Output,Buffer,1000000000,25,750
Output,Buffer,1000000000,26,750
Output,Buffer,1000000000,27,750
Output,Buffer,1000000000,28,750
Output,Buffer,1000000000,29,750
Output,Buffer,1000000000,30,750
Output,Buffer,1000000000,1,760
Output,Buffer,1000000000,2,760
Output,Buffer,1000000000,3,760
Output,Buffer,1000000000,4,760
Output,Buffer,1000000000,5,760
Output,Buffer,1000000000,6,760
Output,Buffer,1000000000,7,760
Output,Buffer,1000000000,8,760
Output,Buffer,1000000000,9,760
Output,Buffer,1000000000,10,760
Output,Buffer,1000000000,11,760
Output,Buffer,1000000000,12,760
Output,Buffer,1000000000,13,760
Output,Buffer,1000000000,14,760
Output,Buffer,1000000000,15,760
Output,Buffer,1000000000,16,760
Output,Buffer,1000000000,17,760
Output,Buffer,1000000000,18,760
Output,Buffer,1000000000,19,760
Output,Buffer,1000000000,20,760
Output,Buffer,1000000000,21,760
Output,Buffer,1000000000,22,760
Output,Buffer,1000000000,23,760
Output,Buffer,1000000000,24,760
Output,Buffer,1000000000,25,760
Output,Buffer,1000000000,26,760
Output,Buffer,1000000000,27,760
Output,Buffer,1000000000,28,760
Output,Buffer,1000000000,29,760
Output,Buffer,1000000000,30,760
Output,Buffer,1000000000,1,770
Output,Buffer,1000000000,2,770
Output,Buffer,1000000000,3,770
Output,Buffer,1000000000,4,770
Output,Buffer,1000000000,5,770
Output,Buffer,1000000000,6,770
Output,Buffer,1000000000,7,770
Output,Buffer,1000000000,8,770
Output,Buffer,1000000000,9,770
Output,Buffer,1000000000,10,770
Output,Buffer,1000000000,11,770
Output,Buffer,1000000000,12,770
Output,Buffer,1000000000,13,770
Output,Buffer,1000000000,14,770
Output,Buffer,1000000000,15,770
Output,Buffer,1000000000,16,770
Output,Buffer,1000000000,17,770
Output,Buffer,1000000000,18,770
Output,Buffer,1000000000,19,770
Output,Buffer,1000000000,20,770
Output,Buffer,1000000000,21,770
Output,Buffer,1000000000,22,770
Output,Buffer,1000000000,23,770
Output,Buffer,1000000000,24,770
Output,Buffer,1000000000,25,770
Output,Buffer,1000000000,26,770
Output,Buffer,1000000000,27,770
Output,Buffer,1000000000,28,770
Output,Buffer,1000000000,29,770
Output,Buffer,1000000000,30,770
Output,Buffer,1000000000,1,780
Output,Buffer,1000000000,2,780
Output,Buffer,1000000000,3,780
Output,Buffer,1000000000,4,780
Output,Buffer,1000000000,5,780
Output,Buffer,1000000000,6,780
Output,Buffer,1000000000,7,780
Output,Buffer,1000000000,8,780
Output,Buffer,1000000000,9,780
Output,Buffer,1000000000,10,780
Output,Buffer,1000000000,11,780
Output,Buffer,1000000000,12,780
Output,Buffer,1000000000,13,780
Output,Buffer,1000000000,14,780
Output,Buffer,1000000000,15,780
Output,Buffer,1000000000,16,780
Output,Buffer,1000000000,17,780
Output,Buffer,1000000000,18,780
Output,Buffer,1000000000,19,780
Output,Buffer,1000000000,20,780
Output,Buffer,1000000000,21,780
Output,Buffer,1000000000,22,780
Output,Buffer,1000000000,23,780
Output,Buffer,1000000000,24,780
Output,Buffer,1000000000,25,780
Output,Buffer,1000000000,26,780
Output,Buffer,1000000000,27,780
Output,Buffer,1000000000,28,780
Output,Buffer,1000000000,29,780
Output,Buffer,1000000000,30,780
Output,Buffer,1000000000,1,790
Output,Buffer,1000000000,2,790
Output,Buffer,1000000000,3,790
Output,Buffer,1000000000,4,790
Output,Buffer,1000000000,5,790
Output,Buffer,1000000000,6,790
Output,Buffer,1000000000,7,790
Output,Buffer,1000000000,8,790
Output,Buffer,1000000000,9,790
Output,Buffer,1000000000,10,790
Output,Buffer,1000000000,11,790
Output,Buffer,1000000000,12,790
Output,Buffer,1000000000,13,790
Output,Buffer,1000000000,14,790
Output,Buffer,1000000000,15,790
Output,Buffer,1000000000,16,790
Output,Buffer,1000000000,17,790
Output,Buffer,1000000000,18,790
Output,Buffer,1000000000,19,790
Output,Buffer,1000000000,20,790
Output,Buffer,1000000000,21,790
Output,Buffer,1000000000,22,790
Output,Buffer,1000000000,23,790
Output,Buffer,1000000000,24,790
Output,Buffer,1000000000,25,790
Output,Buffer,1000000000,26,790
Output,Buffer,1000000000,27,790
Output,Buffer,1000000000,28,790
Output,Buffer,1000000000,29,790
Output,Buffer,1000000000,30,790
Output,Buffer,1000000000,1,800
Output,Buffer,1000000000,2,800
Output,Buffer,1000000000,3,800
Output,Buffer,1000000000,4,800
Output,Buffer,1000000000,5,800
Output,Buffer,1000000000,6,800
Output,Buffer,1000000000,7,800
Output,Buffer,1000000000,8,800
Output,Buffer,1000000000,9,800
Output,Buffer,1000000000,10,800
Output,Buffer,1000000000,11,800
Output,Buffer,1000000000,12,800
Output,Buffer,1000000000,13,800
Output,Buffer,1000000000,14,800
Output,Buffer,1000000000,15,800
Output,Buffer,1000000000,16,800
Output,Buffer,1000000000,17,800
Output,Buffer,1000000000,18,800
Output,Buffer,1000000000,19,800
Output,Buffer,1000000000,20,800
Output,Buffer,1000000000,21,800
Output,Buffer,1000000000,22,800
Output,Buffer,1000000000,23,800
Output,Buffer,1000000000,24,800
Output,Buffer,1000000000,25,800
Output,Buffer,1000000000,26,800
Output,Buffer,1000000000,27,800
Output,Buffer,1000000000,28,800
Output,Buffer,1000000000,29,800
Output,Buffer,1000000000,30,800
Output,Buffer,1000000000,1,810
Output,Buffer,1000000000,2,810
Output,Buffer,1000000000,3,810
Output,Buffer,1000000000,4,810
Output,Buffer,1000000000,5,810
Output,Buffer,1000000000,6,810
Output,Buffer,1000000000,7,810
Output,Buffer,1000000000,8,810
Output,Buffer,1000000000,9,810
Output,Buffer,1000000000,10,810
Output,Buffer,1000000000,11,810
Output,Buffer,1000000000,12,810
Output,Buffer,1000000000,13,810
Output,Buffer,1000000000,14,810
Output,Buffer,1000000000,15,810
Output,Buffer,1000000000,16,810
Output,Buffer,1000000000,17,810
Output,Buffer,1000000000,18,810
Output,Buffer,1000000000,19,810
Output,Buffer,1000000000,20,810
Output,Buffer,1000000000,21,810
Output,Buffer,1000000000,22,810
Output,Buffer,1000000000,23,810
Output,Buffer,1000000000,24,810
Output,Buffer,1000000000,25,810
Output,Buffer,1000000000,26,810
Output,Buffer,1000000000,27,810
Output,Buffer,1000000000,28,810
Output,Buffer,1000000000,29,810
Output,Buffer,1000000000,30,810
Output,Buffer,1000000000,1,820
Output,Buffer,1000000000,2,820
Output,Buffer,1000000000,3,820
Output,Buffer,1000000000,4,820
Output,Buffer,1000000000,5,820
Output,Buffer,1000000000,6,820
Output,Buffer,1000000000,7,820
Output,Buffer,1000000000,8,820
Output,Buffer,1000000000,9,820
Output,Buffer,1000000000,10,820
Output,Buffer,1000000000,11,820
Output,Buffer,1000000000,12,820
Output,Buffer,1000000000,13,820
Output,Buffer,1000000000,14,820
Output,Buffer,1000000000,15,820
Output,Buffer,1000000000,16,820
Output,Buffer,1000000000,17,820
Output,Buffer,1000000000,18,820
Output,Buffer,1000000000,19,820
Output,Buffer,1000000000,20,820
Output,Buffer,1000000000,21,820
Output,Buffer,1000000000,22,820
Output,Buffer,1000000000,23,820
Output,Buffer,1000000000,24,820
Output,Buffer,1000000000,25,820
Output,Buffer,1000000000,26,820
Output,Buffer,1000000000,27,820
Output,Buffer,1000000000,28,820
Output,Buffer,1000000000,29,820
Output,Buffer,1000000000,30,820
Output,Buffer,1000000000,1,830
Output,Buffer,1000000000,2,830
Output,Buffer,1000000000,3,830
Output,Buffer,1000000000,4,830
Output,Buffer,1000000000,5,830
Output,Buffer,1000000000,6,830
Output,Buffer,1000000000,7,830
Output,Buffer,1000000000,8,830
Output,Buffer,1000000000,9,830
Output,Buffer,1000000000,10,830
Output,Buffer,1000000000,11,830
Output,Buffer,1000000000,12,830
Output,Buffer,1000000000,13,830
Output,Buffer,1000000000,14,830
Output,Buffer,1000000000,15,830
Output,Buffer,1000000000,16,830
Output,Buffer,1000000000,17,830
Output,Buffer,1000000000,18,830
Output,Buffer,1000000000,19,830
Output,Buffer,1000000000,20,830
Output,Buffer,1000000000,21,830
Output,Buffer,1000000000,22,830
Output,Buffer,1000000000,23,830
Output,Buffer,1000000000,24,830
Output,Buffer,1000000000,25,830
Output,Buffer,1000000000,26,830
Output,Buffer,1000000000,27,830
Output,Buffer,1000000000,28,830
Output,Buffer,1000000000,29,830
Output,Buffer,1000000000,30,830
Output,Buffer,1000000000,1,840
Output,Buffer,1000000000,2,840
Output,Buffer,1000000000,3,840
Output,Buffer,1000000000,4,840
Output,Buffer,1000000000,5,840
Output,Buffer,1000000000,6,840
Output,Buffer,1000000000,7,840
Output,Buffer,1000000000,8,840
Output,Buffer,1000000000,9,840
Output,Buffer,1000000000,10,840
Output,Buffer,1000000000,11,840
Output,Buffer,1000000000,12,840
Output,Buffer,1000000000,13,840
Output,Buffer,1000000000,14,840
Output,Buffer,1000000000,15,840
Output,Buffer,1000000000,16,840
Output,Buffer,1000000000,17,840
Output,Buffer,1000000000,18,840
Output,Buffer,1000000000,19,840
Output,Buffer,1000000000,20,840
Output,Buffer,1000000000,21,840
Output,Buffer,1000000000,22,840
Output,Buffer,1000000000,23,840
Output,Buffer,1000000000,24,840
Output,Buffer,1000000000,25,840
Output,Buffer,1000000000,26,840
Output,Buffer,1000000000,27,840
Output,Buffer,1000000000,28,840
Output,Buffer,1000000000,29,840
Output,Buffer,1000000000,30,840
Output,Buffer,1000000000,1,850
Output,Buffer,1000000000,2,850
Output,Buffer,1000000000,3,850
Output,Buffer,1000000000,4,850
Output,Buffer,1000000000,5,850
Output,Buffer,1000000000,6,850
Output,Buffer,1000000000,7,850
Output,Buffer,1000000000,8,850
Output,Buffer,1000000000,9,850
Output,Buffer,1000000000,10,850
Output,Buffer,1000000000,11,850
Output,Buffer,1000000000,12,850
Output,Buffer,1000000000,13,850
Output,Buffer,1000000000,14,850
Output,Buffer,1000000000,15,850
Output,Buffer,1000000000,16,850
Output,Buffer,1000000000,17,850
Output,Buffer,1000000000,18,850
Output,Buffer,1000000000,19,850
Output,Buffer,1000000000,20,850
Output,Buffer,1000000000,21,850
Output,Buffer,1000000000,22,850
Output,Buffer,1000000000,23,850
Output,Buffer,1000000000,24,850
Output,Buffer,1000000000,25,850
Output,Buffer,1000000000,26,850
Output,Buffer,1000000000,27,850
Output,Buffer,1000000000,28,850
Output,Buffer,1000000000,29,850
Output,Buffer,1000000000,30,850
Output,Buffer,1000000000,1,860
Output,Buffer,1000000000,2,860
Output,Buffer,1000000000,3,860
Output,Buffer,1000000000,4,860
Output,Buffer,1000000000,5,860
Output,Buffer,1000000000,6,860
Output,Buffer,1000000000,7,860
Output,Buffer,1000000000,8,860
Output,Buffer,1000000000,9,860
Output,Buffer,1000000000,10,860
Output,Buffer,1000000000,11,860
Output,Buffer,1000000000,12,860
Output,Buffer,1000000000,13,860
Output,Buffer,1000000000,14,860
Output,Buffer,1000000000,15,860
Output,Buffer,1000000000,16,860
Output,Buffer,1000000000,17,860
Output,Buffer,1000000000,18,860
Output,Buffer,1000000000,19,860
Output,Buffer,1000000000,20,860
Output,Buffer,1000000000,21,860
Output,Buffer,1000000000,22,860
Output,Buffer,1000000000,23,860
Output,Buffer,1000000000,24,860
Output,Buffer,1000000000,25,860
Output,Buffer,1000000000,26,860
Output,Buffer,1000000000,27,860
Output,Buffer,1000000000,28,860
Output,Buffer,1000000000,29,860
Output,Buffer,1000000000,30,860
Output,Buffer,1000000000,1,870
Output,Buffer,1000000000,2,870
Output,Buffer,1000000000,3,870
Output,Buffer,1000000000,4,870
Output,Buffer,1000000000,5,870
Output,Buffer,1000000000,6,870
Output,Buffer,1000000000,7,870
Output,Buffer,1000000000,8,870
Output,Buffer,1000000000,9,870
Output,Buffer,1000000000,10,870
Output,Buffer,1000000000,11,870
Output,Buffer,1000000000,12,870
Output,Buffer,1000000000,13,870
Output,Buffer,1000000000,14,870
Output,Buffer,1000000000,15,870
Output,Buffer,1000000000,16,870
Output,Buffer,1000000000,17,870
Output,Buffer,1000000000,18,870
Output,Buffer,1000000000,19,870
Output,Buffer,1000000000,20,870
Output,Buffer,1000000000,21,870
Output,Buffer,1000000000,22,870
Output,Buffer,1000000000,23,870
Output,Buffer,1000000000,24,870
Output,Buffer,1000000000,25,870
Output,Buffer,1000000000,26,870
Output,Buffer,1000000000,27,870
Output,Buffer,1000000000,28,870
Output,Buffer,1000000000,29,870
Output,Buffer,1000000000,30,870
Output,Buffer,1000000000,1,880
Output,Buffer,1000000000,2,880
Output,Buffer,1000000000,3,880
Output,Buffer,1000000000,4,880
Output,Buffer,1000000000,5,880
Output,Buffer,1000000000,6,880
Output,Buffer,1000000000,7,880
Output,Buffer,1000000000,8,880
Output,Buffer,1000000000,9,880
Output,Buffer,1000000000,10,880
Output,Buffer,1000000000,11,880
Output,Buffer,1000000000,12,880
Output,Buffer,1000000000,13,880
Output,Buffer,1000000000,14,880
Output,Buffer,1000000000,15,880
Output,Buffer,1000000000,16,880
Output,Buffer,1000000000,17,880
Output,Buffer,1000000000,18,880
Output,Buffer,1000000000,19,880
Output,Buffer,1000000000,20,880
Output,Buffer,1000000000,21,880
Output,Buffer,1000000000,22,880
Output,Buffer,1000000000,23,880
Output,Buffer,1000000000,24,880
Output,Buffer,1000000000,25,880
Output,Buffer,1000000000,26,880
Output,Buffer,1000000000,27,880
Output,Buffer,1000000000,28,880
Output,Buffer,1000000000,29,880
Output,Buffer,1000000000,30,880
Output,Buffer,1000000000,1,890
Output,Buffer,1000000000,2,890
Output,Buffer,1000000000,3,890
Output,Buffer,1000000000,4,890
Output,Buffer,1000000000,5,890
Output,Buffer,1000000000,6,890
Output,Buffer,1000000000,7,890
Output,Buffer,1000000000,8,890
Output,Buffer,1000000000,9,890
Output,Buffer,1000000000,10,890
Output,Buffer,1000000000,11,890
Output,Buffer,1000000000,12,890
Output,Buffer,1000000000,13,890
Output,Buffer,1000000000,14,890
Output,Buffer,1000000000,15,890
Output,Buffer,1000000000,16,890
Output,Buffer,1000000000,17,890
Output,Buffer,1000000000,18,890
Output,Buffer,1000000000,19,890
Output,Buffer,1000000000,20,890
Output,Buffer,1000000000,21,890
Output,Buffer,1000000000,22,890
Output,Buffer,1000000000,23,890
Output,Buffer,1000000000,24,890
Output,Buffer,1000000000,25,890
Output,Buffer,1000000000,26,890
Output,Buffer,1000000000,27,890
Output,Buffer,1000000000,28,890
Output,Buffer,1000000000,29,890
Output,Buffer,1000000000,30,890
Output,Buffer,1000000000,1,900
Output,Buffer,1000000000,2,900
Output,Buffer,1000000000,3,900
Output,Buffer,1000000000,4,900
Output,Buffer,1000000000,5,900
Output,Buffer,1000000000,6,900
Output,Buffer,1000000000,7,900
Output,Buffer,1000000000,8,900
Output,Buffer,1000000000,9,900
Output,Buffer,1000000000,10,900
Output,Buffer,1000000000,11,900
Output,Buffer,1000000000,12,900
Output,Buffer,1000000000,13,900
Output,Buffer,1000000000,14,900
Output,Buffer,1000000000,15,900
Output,Buffer,1000000000,16,900
Output,Buffer,1000000000,17,900
Output,Buffer,1000000000,18,900
Output,Buffer,1000000000,19,900
Output,Buffer,1000000000,20,900
Output,Buffer,1000000000,21,900
Output,Buffer,1000000000,22,900
Output,Buffer,1000000000,23,900
Output,Buffer,1000000000,24,900
Output,Buffer,1000000000,25,900
Output,Buffer,1000000000,26,900
Output,Buffer,1000000000,27,900
Output,Buffer,1000000000,28,900
Output,Buffer,1000000000,29,900
Output,Buffer,1000000000,30,900
Output,Buffer,1000000000,1,910
Output,Buffer,1000000000,2,910
Output,Buffer,1000000000,3,910
Output,Buffer,1000000000,4,910
Output,Buffer,1000000000,5,910
Output,Buffer,1000000000,6,910
Output,Buffer,1000000000,7,910
Output,Buffer,1000000000,8,910
Output,Buffer,1000000000,9,910
Output,Buffer,1000000000,10,910
Output,Buffer,1000000000,11,910
Output,Buffer,1000000000,12,910
Output,Buffer,1000000000,13,910
Output,Buffer,1000000000,14,910
Output,Buffer,1000000000,15,910
Output,Buffer,1000000000,16,910
Output,Buffer,1000000000,17,910
Output,Buffer,1000000000,18,910
Output,Buffer,1000000000,19,910
Output,Buffer,1000000000,20,910
Output,Buffer,1000000000,21,910
Output,Buffer,1000000000,22,910
Output,Buffer,1000000000,23,910
Output,Buffer,1000000000,24,910
Output,Buffer,1000000000,25,910
Output,Buffer,1000000000,26,910
Output,Buffer,1000000000,27,910
Output,Buffer,1000000000,28,910
Output,Buffer,1000000000,29,910
Output,Buffer,1000000000,30,910
Output,Buffer,1000000000,1,920
Output,Buffer,1000000000,2,920
Output,Buffer,1000000000,3,920
Output,Buffer,1000000000,4,920
Output,Buffer,1000000000,5,920
Output,Buffer,1000000000,6,920
Output,Buffer,1000000000,7,920
Output,Buffer,1000000000,8,920
Output,Buffer,1000000000,9,920
Output,Buffer,1000000000,10,920
Output,Buffer,1000000000,11,920
Output,Buffer,1000000000,12,920
Output,Buffer,1000000000,13,920
Output,Buffer,1000000000,14,920
Output,Buffer,1000000000,15,920
Output,Buffer,1000000000,16,920
Output,Buffer,1000000000,17,920
Output,Buffer,1000000000,18,920
Output,Buffer,1000000000,19,920
Output,Buffer,1000000000,20,920
Output,Buffer,1000000000,21,920
Output,Buffer,1000000000,22,920
Output,Buffer,1000000000,23,920
Output,Buffer,1000000000,24,920
Output,Buffer,1000000000,25,920
Output,Buffer,1000000000,26,920
Output,Buffer,1000000000,27,920
Output,Buffer,1000000000,28,920
Output,Buffer,1000000000,29,920
Output,Buffer,1000000000,30,920
Output,Buffer,1000000000,1,930
Output,Buffer,1000000000,2,930
Output,Buffer,1000000000,3,930
Output,Buffer,1000000000,4,930
Output,Buffer,1000000000,5,930
Output,Buffer,1000000000,6,930
Output,Buffer,1000000000,7,930
Output,Buffer,1000000000,8,930
Output,Buffer,1000000000,9,930
Output,Buffer,1000000000,10,930
Output,Buffer,1000000000,11,930
Output,Buffer,1000000000,12,930
Output,Buffer,1000000000,13,930
Output,Buffer,1000000000,14,930
Output,Buffer,1000000000,15,930
Output,Buffer,1000000000,16,930
Output,Buffer,1000000000,17,930
Output,Buffer,1000000000,18,930
Output,Buffer,1000000000,19,930
Output,Buffer,1000000000,20,930
Output,Buffer,1000000000,21,930
Output,Buffer,1000000000,22,930
Output,Buffer,1000000000,23,930
Output,Buffer,1000000000,24,930
Output,Buffer,1000000000,25,930
Output,Buffer,1000000000,26,930
Output,Buffer,1000000000,27,930
Output,Buffer,1000000000,28,930
Output,Buffer,1000000000,29,930
Output,Buffer,1000000000,30,930
Output,Buffer,1000000000,1,940
Output,Buffer,1000000000,2,940
Output,Buffer,1000000000,3,940
Output,Buffer,1000000000,4,940
Output,Buffer,1000000000,5,940
Output,Buffer,1000000000,6,940
Output,Buffer,1000000000,7,940
Output,Buffer,1000000000,8,940
Output,Buffer,1000000000,9,940
Output,Buffer,1000000000,10,940
Output,Buffer,1000000000,11,940
Output,Buffer,1000000000,12,940
Output,Buffer,1000000000,13,940
Output,Buffer,1000000000,14,940
Output,Buffer,1000000000,15,940
Output,Buffer,1000000000,16,940
Output,Buffer,1000000000,17,940
Output,Buffer,1000000000,18,940
Output,Buffer,1000000000,19,940
Output,Buffer,1000000000,20,940
Output,Buffer,1000000000,21,940
Output,Buffer,1000000000,22,940
Output,Buffer,1000000000,23,940
Output,Buffer,1000000000,24,940
Output,Buffer,1000000000,25,940
Output,Buffer,1000000000,26,940
Output,Buffer,1000000000,27,940
Output,Buffer,1000000000,28,940
Output,Buffer,1000000000,29,940
Output,Buffer,1000000000,30,940
Output,Buffer,1000000000,1,950
Output,Buffer,1000000000,2,950
Output,Buffer,1000000000,3,950
Output,Buffer,1000000000,4,950
Output,Buffer,1000000000,5,950
Output,Buffer,1000000000,6,950
Output,Buffer,1000000000,7,950
Output,Buffer,1000000000,8,950
Output,Buffer,1000000000,9,950
Output,Buffer,1000000000,10,950
Output,Buffer,1000000000,11,950
Output,Buffer,1000000000,12,950
Output,Buffer,1000000000,13,950
Output,Buffer,1000000000,14,950
Output,Buffer,1000000000,15,950
Output,Buffer,1000000000,16,950
Output,Buffer,1000000000,17,950
Output,Buffer,1000000000,18,950
Output,Buffer,1000000000,19,950
Output,Buffer,1000000000,20,950
Output,Buffer,1000000000,21,950
Output,Buffer,1000000000,22,950
Output,Buffer,1000000000,23,950
Output,Buffer,1000000000,24,950
Output,Buffer,1000000000,25,950
Output,Buffer,1000000000,26,950
Output,Buffer,1000000000,27,950
Output,Buffer,1000000000,28,950
Output,Buffer,1000000000,29,950
Output,Buffer,1000000000,30,950
Output,Buffer,1000000000,1,960
Output,Buffer,1000000000,2,960
Output,Buffer,1000000000,3,960
Output,Buffer,1000000000,4,960
Output,Buffer,1000000000,5,960
Output,Buffer,1000000000,6,960
Output,Buffer,1000000000,7,960
Output,Buffer,1000000000,8,960
Output,Buffer,1000000000,9,960
Output,Buffer,1000000000,10,960
Output,Buffer,1000000000,11,960
Output,Buffer,1000000000,12,960
Output,Buffer,1000000000,13,960
Output,Buffer,1000000000,14,960
Output,Buffer,1000000000,15,960
Output,Buffer,1000000000,16,960
Output,Buffer,1000000000,17,960
Output,Buffer,1000000000,18,960
Output,Buffer,1000000000,19,960
Output,Buffer,1000000000,20,960
Output,Buffer,1000000000,21,960
Output,Buffer,1000000000,22,960
Output,Buffer,1000000000,23,960
Output,Buffer,1000000000,24,960
Output,Buffer,1000000000,25,960
Output,Buffer,1000000000,26,960
Output,Buffer,1000000000,27,960
Output,Buffer,1000000000,28,960
Output,Buffer,1000000000,29,960
Output,Buffer,1000000000,30,960
Output,Buffer,1000000000,1,970
Output,Buffer,1000000000,2,970
Output,Buffer,1000000000,3,970
Output,Buffer,1000000000,4,970
Output,Buffer,1000000000,5,970
Output,Buffer,1000000000,6,970
Output,Buffer,1000000000,7,970
Output,Buffer,1000000000,8,970
Output,Buffer,1000000000,9,970
Output,Buffer,1000000000,10,970
Output,Buffer,1000000000,11,970
Output,Buffer,1000000000,12,970
Output,Buffer,1000000000,13,970
Output,Buffer,1000000000,14,970
Output,Buffer,1000000000,15,970
Output,Buffer,1000000000,16,970
Output,Buffer,1000000000,17,970
Output,Buffer,1000000000,18,970
Output,Buffer,1000000000,19,970
Output,Buffer,1000000000,20,970
Output,Buffer,1000000000,21,970
Output,Buffer,1000000000,22,970
Output,Buffer,1000000000,23,970
Output,Buffer,1000000000,24,970
Output,Buffer,1000000000,25,970
Output,Buffer,1000000000,26,970
Output,Buffer,1000000000,27,970
Output,Buffer,1000000000,28,970
Output,Buffer,1000000000,29,970
Output,Buffer,1000000000,30,970
Output,Buffer,1000000000,1,980
Output,Buffer,1000000000,2,980
Output,Buffer,1000000000,3,980
Output,Buffer,1000000000,4,980
Output,Buffer,1000000000,5,980
Output,Buffer,1000000000,6,980
Output,Buffer,1000000000,7,980
Output,Buffer,1000000000,8,980
Output,Buffer,1000000000,9,980
Output,Buffer,1000000000,10,980
Output,Buffer,1000000000,11,980
Output,Buffer,1000000000,12,980
Output,Buffer,1000000000,13,980
Output,Buffer,1000000000,14,980
Output,Buffer,1000000000,15,980
Output,Buffer,1000000000,16,980
Output,Buffer,1000000000,17,980
Output,Buffer,1000000000,18,980
Output,Buffer,1000000000,19,980
Output,Buffer,1000000000,20,980
Output,Buffer,1000000000,21,980
Output,Buffer,1000000000,22,980
Output,Buffer,1000000000,23,980
Output,Buffer,1000000000,24,980
Output,Buffer,1000000000,25,980
Output,Buffer,1000000000,26,980
Output,Buffer,1000000000,27,980
Output,Buffer,1000000000,28,980
Output,Buffer,1000000000,29,980
Output,Buffer,1000000000,30,980
Output,Buffer,1000000000,1,990
Output,Buffer,1000000000,2,990
Output,Buffer,1000000000,3,990
Output,Buffer,1000000000,4,990
Output,Buffer,1000000000,5,990
Output,Buffer,1000000000,6,990
Output,Buffer,1000000000,7,990
Output,Buffer,1000000000,8,990
Output,Buffer,1000000000,9,990
Output,Buffer,1000000000,10,990
Output,Buffer,1000000000,11,990
Output,Buffer,1000000000,12,990
Output,Buffer,1000000000,13,990
Output,Buffer,1000000000,14,990
Output,Buffer,1000000000,15,990
Output,Buffer,1000000000,16,990
Output,Buffer,1000000000,17,990
Output,Buffer,1000000000,18,990
Output,Buffer,1000000000,19,990
Output,Buffer,1000000000,20,990
Output,Buffer,1000000000,21,990
Output,Buffer,1000000000,22,990
Output,Buffer,1000000000,23,990
Output,Buffer,1000000000,24,990
Output,Buffer,1000000000,25,990
Output,Buffer,1000000000,26,990
Output,Buffer,1000000000,27,990
Output,Buffer,1000000000,28,990
Output,Buffer,1000000000,29,990
Output,Buffer,1000000000,30,990
Output,Buffer,1000000000,1,1000
Output,Buffer,1000000000,2,1000
Output,Buffer,1000000000,3,1000
Output,Buffer,1000000000,4,1000
Output,Buffer,1000000000,5,1000
Output,Buffer,1000000000,6,1000
Output,Buffer,1000000000,7,1000
Output,Buffer,1000000000,8,1000
Output,Buffer,1000000000,9,1000
Output,Buffer,1000000000,10,1000
Output,Buffer,1000000000,11,1000
Output,Buffer,1000000000,12,1000
Output,Buffer,1000000000,13,1000
Output,Buffer,1000000000,14,1000
Output,Buffer,1000000000,15,1000
Output,Buffer,1000000000,16,1000
Output,Buffer,1000000000,17,1000
Output,Buffer,1000000000,18,1000
Output,Buffer,1000000000,19,1000
Output,Buffer,1000000000,20,1000
Output,Buffer,1000000000,21,1000
Output,Buffer,1000000000,22,1000
Output,Buffer,1000000000,23,1000
Output,Buffer,1000000000,24,1000
Output,Buffer,1000000000,25,1000
Output,Buffer,1000000000,26,1000
Output,Buffer,1000000000,27,1000
Output,Buffer,1000000000,28,1000
Output,Buffer,1000000000,29,1000
Output,Buffer,1000000000,30,1000