Output,File,1000000000,1
Output,File,1000000000,2
Output,File,1000000000,3
Output,File,1000000000,4
Output,File,1000000000,5
Output,File,1000000000,6
Output,File,1000000000,7
Output,File,1000000000,8
Output,File,1000000000,9
Output,File,1000000000,10
Output,File,1000000000,11
Output,File,1000000000,12
Output,File,1000000000,13
Output,File,1000000000,14
Output,File,1000000000,15
Output,File,1000000000,16
Output,File,1000000000,17
Output,File,1000000000,18
Output,File,1000000000,19
Output,File,1000000000,20
Output,File,1000000000,21
Output,File,1000000000,22
Output,File,1000000000,23
Output,File,1000000000,24
Output,File,1000000000,25
Output,File,1000000000,26
Output,File,1000000000,27
Output,File,1000000000,28
Output,File,1000000000,29
Output,File,1000000000,30