Input,File,1000000000,1
Input,File,1000000000,2
Input,File,1000000000,3
Input,File,1000000000,4
Input,File,1000000000,5
Input,File,1000000000,6
Input,File,1000000000,7
Input,File,1000000000,8
Input,File,1000000000,9
Input,File,1000000000,10
Input,File,1000000000,11
Input,File,1000000000,12
Input,File,1000000000,13
Input,File,1000000000,14
Input,File,1000000000,15
Input,File,1000000000,16
Input,File,1000000000,17
Input,File,1000000000,18
Input,File,1000000000,19
Input,File,1000000000,20
Input,File,1000000000,21
Input,File,1000000000,22
Input,File,1000000000,23
Input,File,1000000000,24
Input,File,1000000000,25
Input,File,1000000000,26
Input,File,1000000000,27
Input,File,1000000000,28
Input,File,1000000000,29
Input,File,1000000000,30