Input,Memory,1000000000,1,10
Input,Memory,1000000000,2,10
Input,Memory,1000000000,3,10
Input,Memory,1000000000,4,10
Input,Memory,1000000000,5,10
Input,Memory,1000000000,6,10
Input,Memory,1000000000,7,10
Input,Memory,1000000000,8,10
Input,Memory,1000000000,9,10
Input,Memory,1000000000,10,10
Input,Memory,1000000000,11,10
Input,Memory,1000000000,12,10
Input,Memory,1000000000,13,10
Input,Memory,1000000000,14,10
Input,Memory,1000000000,15,10
Input,Memory,1000000000,16,10
Input,Memory,1000000000,17,10
Input,Memory,1000000000,18,10
Input,Memory,1000000000,19,10
Input,Memory,1000000000,20,10
Input,Memory,1000000000,21,10
Input,Memory,1000000000,22,10
Input,Memory,1000000000,23,10
Input,Memory,1000000000,24,10
Input,Memory,1000000000,25,10
Input,Memory,1000000000,26,10
Input,Memory,1000000000,27,10
Input,Memory,1000000000,28,10
Input,Memory,1000000000,29,10
Input,Memory,1000000000,30,10
Input,Memory,1000000000,1,20
Input,Memory,1000000000,2,20
Input,Memory,1000000000,3,20
Input,Memory,1000000000,4,20
Input,Memory,1000000000,5,20
Input,Memory,1000000000,6,20
Input,Memory,1000000000,7,20
Input,Memory,1000000000,8,20
Input,Memory,1000000000,9,20
Input,Memory,1000000000,10,20
Input,Memory,1000000000,11,20
Input,Memory,1000000000,12,20
Input,Memory,1000000000,13,20
Input,Memory,1000000000,14,20
Input,Memory,1000000000,15,20
Input,Memory,1000000000,16,20
Input,Memory,1000000000,17,20
Input,Memory,1000000000,18,20
Input,Memory,1000000000,19,20
Input,Memory,1000000000,20,20
Input,Memory,1000000000,21,20
Input,Memory,1000000000,22,20
Input,Memory,1000000000,23,20
Input,Memory,1000000000,24,20
Input,Memory,1000000000,25,20
Input,Memory,1000000000,26,20
Input,Memory,1000000000,27,20
Input,Memory,1000000000,28,20
Input,Memory,1000000000,29,20
Input,Memory,1000000000,30,20
Input,Memory,1000000000,1,30
Input,Memory,1000000000,2,30
Input,Memory,1000000000,3,30
Input,Memory,1000000000,4,30
Input,Memory,1000000000,5,30
Input,Memory,1000000000,6,30
Input,Memory,1000000000,7,30
Input,Memory,1000000000,8,30
Input,Memory,1000000000,9,30
Input,Memory,1000000000,10,30
Input,Memory,1000000000,11,30
Input,Memory,1000000000,12,30
Input,Memory,1000000000,13,30
Input,Memory,1000000000,14,30
Input,Memory,1000000000,15,30
Input,Memory,1000000000,16,30
Input,Memory,1000000000,17,30
Input,Memory,1000000000,18,30
Input,Memory,1000000000,19,30
Input,Memory,1000000000,20,30
Input,Memory,1000000000,21,30
Input,Memory,1000000000,22,30
Input,Memory,1000000000,23,30
Input,Memory,1000000000,24,30
Input,Memory,1000000000,25,30
Input,Memory,1000000000,26,30
Input,Memory,1000000000,27,30
Input,Memory,1000000000,28,30
Input,Memory,1000000000,29,30
Input,Memory,1000000000,30,30
Input,Memory,1000000000,1,40
Input,Memory,1000000000,2,40
Input,Memory,1000000000,3,40
Input,Memory,1000000000,4,40
Input,Memory,1000000000,5,40
Input,Memory,1000000000,6,40
Input,Memory,1000000000,7,40
Input,Memory,1000000000,8,40
Input,Memory,1000000000,9,40
Input,Memory,1000000000,10,40
Input,Memory,1000000000,11,40
Input,Memory,1000000000,12,40
Input,Memory,1000000000,13,40
Input,Memory,1000000000,14,40
Input,Memory,1000000000,15,40
Input,Memory,1000000000,16,40
Input,Memory,1000000000,17,40
Input,Memory,1000000000,18,40
Input,Memory,1000000000,19,40
Input,Memory,1000000000,20,40
Input,Memory,1000000000,21,40
Input,Memory,1000000000,22,40
Input,Memory,1000000000,23,40
Input,Memory,1000000000,24,40
Input,Memory,1000000000,25,40
Input,Memory,1000000000,26,40
Input,Memory,1000000000,27,40
Input,Memory,1000000000,28,40
Input,Memory,1000000000,29,40
Input,Memory,1000000000,30,40
Input,Memory,1000000000,1,50
Input,Memory,1000000000,2,50
Input,Memory,1000000000,3,50
Input,Memory,1000000000,4,50
Input,Memory,1000000000,5,50
Input,Memory,1000000000,6,50
Input,Memory,1000000000,7,50
Input,Memory,1000000000,8,50
Input,Memory,1000000000,9,50
Input,Memory,1000000000,10,50
Input,Memory,1000000000,11,50
Input,Memory,1000000000,12,50
Input,Memory,1000000000,13,50
Input,Memory,1000000000,14,50
Input,Memory,1000000000,15,50
Input,Memory,1000000000,16,50
Input,Memory,1000000000,17,50
Input,Memory,1000000000,18,50
Input,Memory,1000000000,19,50
Input,Memory,1000000000,20,50
Input,Memory,1000000000,21,50
Input,Memory,1000000000,22,50
Input,Memory,1000000000,23,50
Input,Memory,1000000000,24,50
Input,Memory,1000000000,25,50
Input,Memory,1000000000,26,50
Input,Memory,1000000000,27,50
Input,Memory,1000000000,28,50
Input,Memory,1000000000,29,50
Input,Memory,1000000000,30,50
Input,Memory,1000000000,1,60
Input,Memory,1000000000,2,60
Input,Memory,1000000000,3,60
Input,Memory,1000000000,4,60
Input,Memory,1000000000,5,60
Input,Memory,1000000000,6,60
Input,Memory,1000000000,7,60
Input,Memory,1000000000,8,60
Input,Memory,1000000000,9,60
Input,Memory,1000000000,10,60
Input,Memory,1000000000,11,60
Input,Memory,1000000000,12,60
Input,Memory,1000000000,13,60
Input,Memory,1000000000,14,60
Input,Memory,1000000000,15,60
Input,Memory,1000000000,16,60
Input,Memory,1000000000,17,60
Input,Memory,1000000000,18,60
Input,Memory,1000000000,19,60
Input,Memory,1000000000,20,60
Input,Memory,1000000000,21,60
Input,Memory,1000000000,22,60
Input,Memory,1000000000,23,60
Input,Memory,1000000000,24,60
Input,Memory,1000000000,25,60
Input,Memory,1000000000,26,60
Input,Memory,1000000000,27,60
Input,Memory,1000000000,28,60
Input,Memory,1000000000,29,60
Input,Memory,1000000000,30,60
Input,Memory,1000000000,1,70
Input,Memory,1000000000,2,70
Input,Memory,1000000000,3,70
Input,Memory,1000000000,4,70
Input,Memory,1000000000,5,70
Input,Memory,1000000000,6,70
Input,Memory,1000000000,7,70
Input,Memory,1000000000,8,70
Input,Memory,1000000000,9,70
Input,Memory,1000000000,10,70
Input,Memory,1000000000,11,70
Input,Memory,1000000000,12,70
Input,Memory,1000000000,13,70
Input,Memory,1000000000,14,70
Input,Memory,1000000000,15,70
Input,Memory,1000000000,16,70
Input,Memory,1000000000,17,70
Input,Memory,1000000000,18,70
Input,Memory,1000000000,19,70
Input,Memory,1000000000,20,70
Input,Memory,1000000000,21,70
Input,Memory,1000000000,22,70
Input,Memory,1000000000,23,70
Input,Memory,1000000000,24,70
Input,Memory,1000000000,25,70
Input,Memory,1000000000,26,70
Input,Memory,1000000000,27,70
Input,Memory,1000000000,28,70
Input,Memory,1000000000,29,70
Input,Memory,1000000000,30,70
Input,Memory,1000000000,1,80
Input,Memory,1000000000,2,80
Input,Memory,1000000000,3,80
Input,Memory,1000000000,4,80
Input,Memory,1000000000,5,80
Input,Memory,1000000000,6,80
Input,Memory,1000000000,7,80
Input,Memory,1000000000,8,80
Input,Memory,1000000000,9,80
Input,Memory,1000000000,10,80
Input,Memory,1000000000,11,80
Input,Memory,1000000000,12,80
Input,Memory,1000000000,13,80
Input,Memory,1000000000,14,80
Input,Memory,1000000000,15,80
Input,Memory,1000000000,16,80
Input,Memory,1000000000,17,80
Input,Memory,1000000000,18,80
Input,Memory,1000000000,19,80
Input,Memory,1000000000,20,80
Input,Memory,1000000000,21,80
Input,Memory,1000000000,22,80
Input,Memory,1000000000,23,80
Input,Memory,1000000000,24,80
Input,Memory,1000000000,25,80
Input,Memory,1000000000,26,80
Input,Memory,1000000000,27,80
Input,Memory,1000000000,28,80
Input,Memory,1000000000,29,80
Input,Memory,1000000000,30,80
Input,Memory,1000000000,1,90
Input,Memory,1000000000,2,90
Input,Memory,1000000000,3,90
Input,Memory,1000000000,4,90
Input,Memory,1000000000,5,90
Input,Memory,1000000000,6,90
Input,Memory,1000000000,7,90
Input,Memory,1000000000,8,90
Input,Memory,1000000000,9,90
Input,Memory,1000000000,10,90
Input,Memory,1000000000,11,90
Input,Memory,1000000000,12,90
Input,Memory,1000000000,13,90
Input,Memory,1000000000,14,90
Input,Memory,1000000000,15,90
Input,Memory,1000000000,16,90
Input,Memory,1000000000,17,90
Input,Memory,1000000000,18,90
Input,Memory,1000000000,19,90
Input,Memory,1000000000,20,90
Input,Memory,1000000000,21,90
Input,Memory,1000000000,22,90
Input,Memory,1000000000,23,90
Input,Memory,1000000000,24,90
Input,Memory,1000000000,25,90
Input,Memory,1000000000,26,90
Input,Memory,1000000000,27,90
Input,Memory,1000000000,28,90
Input,Memory,1000000000,29,90
Input,Memory,1000000000,30,90
Input,Memory,1000000000,1,100
Input,Memory,1000000000,2,100
Input,Memory,1000000000,3,100
Input,Memory,1000000000,4,100
Input,Memory,1000000000,5,100
Input,Memory,1000000000,6,100
Input,Memory,1000000000,7,100
Input,Memory,1000000000,8,100
Input,Memory,1000000000,9,100
Input,Memory,1000000000,10,100
Input,Memory,1000000000,11,100
Input,Memory,1000000000,12,100
Input,Memory,1000000000,13,100
Input,Memory,1000000000,14,100
Input,Memory,1000000000,15,100
Input,Memory,1000000000,16,100
Input,Memory,1000000000,17,100
Input,Memory,1000000000,18,100
Input,Memory,1000000000,19,100
Input,Memory,1000000000,20,100
Input,Memory,1000000000,21,100
Input,Memory,1000000000,22,100
Input,Memory,1000000000,23,100
Input,Memory,1000000000,24,100
Input,Memory,1000000000,25,100
Input,Memory,1000000000,26,100
Input,Memory,1000000000,27,100
Input,Memory,1000000000,28,100
Input,Memory,1000000000,29,100
Input,Memory,1000000000,30,100
Input,Memory,1000000000,1,110
Input,Memory,1000000000,2,110
Input,Memory,1000000000,3,110
Input,Memory,1000000000,4,110
Input,Memory,1000000000,5,110
Input,Memory,1000000000,6,110
Input,Memory,1000000000,7,110
Input,Memory,1000000000,8,110
Input,Memory,1000000000,9,110
Input,Memory,1000000000,10,110
Input,Memory,1000000000,11,110
Input,Memory,1000000000,12,110
Input,Memory,1000000000,13,110
Input,Memory,1000000000,14,110
Input,Memory,1000000000,15,110
Input,Memory,1000000000,16,110
Input,Memory,1000000000,17,110
Input,Memory,1000000000,18,110
Input,Memory,1000000000,19,110
Input,Memory,1000000000,20,110
Input,Memory,1000000000,21,110
Input,Memory,1000000000,22,110
Input,Memory,1000000000,23,110
Input,Memory,1000000000,24,110
Input,Memory,1000000000,25,110
Input,Memory,1000000000,26,110
Input,Memory,1000000000,27,110
Input,Memory,1000000000,28,110
Input,Memory,1000000000,29,110
Input,Memory,1000000000,30,110
Input,Memory,1000000000,1,120
Input,Memory,1000000000,2,120
Input,Memory,1000000000,3,120
Input,Memory,1000000000,4,120
Input,Memory,1000000000,5,120
Input,Memory,1000000000,6,120
Input,Memory,1000000000,7,120
Input,Memory,1000000000,8,120
Input,Memory,1000000000,9,120
Input,Memory,1000000000,10,120
Input,Memory,1000000000,11,120
Input,Memory,1000000000,12,120
Input,Memory,1000000000,13,120
Input,Memory,1000000000,14,120
Input,Memory,1000000000,15,120
Input,Memory,1000000000,16,120
Input,Memory,1000000000,17,120
Input,Memory,1000000000,18,120
Input,Memory,1000000000,19,120
Input,Memory,1000000000,20,120
Input,Memory,1000000000,21,120
Input,Memory,1000000000,22,120
Input,Memory,1000000000,23,120
Input,Memory,1000000000,24,120
Input,Memory,1000000000,25,120
Input,Memory,1000000000,26,120
Input,Memory,1000000000,27,120
Input,Memory,1000000000,28,120
Input,Memory,1000000000,29,120
Input,Memory,1000000000,30,120
Input,Memory,1000000000,1,130
Input,Memory,1000000000,2,130
Input,Memory,1000000000,3,130
Input,Memory,1000000000,4,130
Input,Memory,1000000000,5,130
Input,Memory,1000000000,6,130
Input,Memory,1000000000,7,130
Input,Memory,1000000000,8,130
Input,Memory,1000000000,9,130
Input,Memory,1000000000,10,130
Input,Memory,1000000000,11,130
Input,Memory,1000000000,12,130
Input,Memory,1000000000,13,130
Input,Memory,1000000000,14,130
Input,Memory,1000000000,15,130
Input,Memory,1000000000,16,130
Input,Memory,1000000000,17,130
Input,Memory,1000000000,18,130
Input,Memory,1000000000,19,130
Input,Memory,1000000000,20,130
Input,Memory,1000000000,21,130
Input,Memory,1000000000,22,130
Input,Memory,1000000000,23,130
Input,Memory,1000000000,24,130
Input,Memory,1000000000,25,130
Input,Memory,1000000000,26,130
Input,Memory,1000000000,27,130
Input,Memory,1000000000,28,130
Input,Memory,1000000000,29,130
Input,Memory,1000000000,30,130
Input,Memory,1000000000,1,140
Input,Memory,1000000000,2,140
Input,Memory,1000000000,3,140
Input,Memory,1000000000,4,140
Input,Memory,1000000000,5,140
Input,Memory,1000000000,6,140
Input,Memory,1000000000,7,140
Input,Memory,1000000000,8,140
Input,Memory,1000000000,9,140
Input,Memory,1000000000,10,140
Input,Memory,1000000000,11,140
Input,Memory,1000000000,12,140
Input,Memory,1000000000,13,140
Input,Memory,1000000000,14,140
Input,Memory,1000000000,15,140
Input,Memory,1000000000,16,140
Input,Memory,1000000000,17,140
Input,Memory,1000000000,18,140
Input,Memory,1000000000,19,140
Input,Memory,1000000000,20,140
Input,Memory,1000000000,21,140
Input,Memory,1000000000,22,140
Input,Memory,1000000000,23,140
Input,Memory,1000000000,24,140
Input,Memory,1000000000,25,140
Input,Memory,1000000000,26,140
Input,Memory,1000000000,27,140
Input,Memory,1000000000,28,140
Input,Memory,1000000000,29,140
Input,Memory,1000000000,30,140
Input,Memory,1000000000,1,150
Input,Memory,1000000000,2,150
Input,Memory,1000000000,3,150
Input,Memory,1000000000,4,150
Input,Memory,1000000000,5,150
Input,Memory,1000000000,6,150
Input,Memory,1000000000,7,150
Input,Memory,1000000000,8,150
Input,Memory,1000000000,9,150
Input,Memory,1000000000,10,150
Input,Memory,1000000000,11,150
Input,Memory,1000000000,12,150
Input,Memory,1000000000,13,150
Input,Memory,1000000000,14,150
Input,Memory,1000000000,15,150
Input,Memory,1000000000,16,150
Input,Memory,1000000000,17,150
Input,Memory,1000000000,18,150
Input,Memory,1000000000,19,150
Input,Memory,1000000000,20,150
Input,Memory,1000000000,21,150
Input,Memory,1000000000,22,150
Input,Memory,1000000000,23,150
Input,Memory,1000000000,24,150
Input,Memory,1000000000,25,150
Input,Memory,1000000000,26,150
Input,Memory,1000000000,27,150
Input,Memory,1000000000,28,150
Input,Memory,1000000000,29,150
Input,Memory,1000000000,30,150
Input,Memory,1000000000,1,160
Input,Memory,1000000000,2,160
Input,Memory,1000000000,3,160
Input,Memory,1000000000,4,160
Input,Memory,1000000000,5,160
Input,Memory,1000000000,6,160
Input,Memory,1000000000,7,160
Input,Memory,1000000000,8,160
Input,Memory,1000000000,9,160
Input,Memory,1000000000,10,160
Input,Memory,1000000000,11,160
Input,Memory,1000000000,12,160
Input,Memory,1000000000,13,160
Input,Memory,1000000000,14,160
Input,Memory,1000000000,15,160
Input,Memory,1000000000,16,160
Input,Memory,1000000000,17,160
Input,Memory,1000000000,18,160
Input,Memory,1000000000,19,160
Input,Memory,1000000000,20,160
Input,Memory,1000000000,21,160
Input,Memory,1000000000,22,160
Input,Memory,1000000000,23,160
Input,Memory,1000000000,24,160
Input,Memory,1000000000,25,160
Input,Memory,1000000000,26,160
Input,Memory,1000000000,27,160
Input,Memory,1000000000,28,160
Input,Memory,1000000000,29,160
Input,Memory,1000000000,30,160
Input,Memory,1000000000,1,170
Input,Memory,1000000000,2,170
Input,Memory,1000000000,3,170
Input,Memory,1000000000,4,170
Input,Memory,1000000000,5,170
Input,Memory,1000000000,6,170
Input,Memory,1000000000,7,170
Input,Memory,1000000000,8,170
Input,Memory,1000000000,9,170
Input,Memory,1000000000,10,170
Input,Memory,1000000000,11,170
Input,Memory,1000000000,12,170
Input,Memory,1000000000,13,170
Input,Memory,1000000000,14,170
Input,Memory,1000000000,15,170
Input,Memory,1000000000,16,170
Input,Memory,1000000000,17,170
Input,Memory,1000000000,18,170
Input,Memory,1000000000,19,170
Input,Memory,1000000000,20,170
Input,Memory,1000000000,21,170
Input,Memory,1000000000,22,170
Input,Memory,1000000000,23,170
Input,Memory,1000000000,24,170
Input,Memory,1000000000,25,170
Input,Memory,1000000000,26,170
Input,Memory,1000000000,27,170
Input,Memory,1000000000,28,170
Input,Memory,1000000000,29,170
Input,Memory,1000000000,30,170
Input,Memory,1000000000,1,180
Input,Memory,1000000000,2,180
Input,Memory,1000000000,3,180
Input,Memory,1000000000,4,180
Input,Memory,1000000000,5,180
Input,Memory,1000000000,6,180
Input,Memory,1000000000,7,180
Input,Memory,1000000000,8,180
Input,Memory,1000000000,9,180
Input,Memory,1000000000,10,180
Input,Memory,1000000000,11,180
Input,Memory,1000000000,12,180
Input,Memory,1000000000,13,180
Input,Memory,1000000000,14,180
Input,Memory,1000000000,15,180
Input,Memory,1000000000,16,180
Input,Memory,1000000000,17,180
Input,Memory,1000000000,18,180
Input,Memory,1000000000,19,180
Input,Memory,1000000000,20,180
Input,Memory,1000000000,21,180
Input,Memory,1000000000,22,180
Input,Memory,1000000000,23,180
Input,Memory,1000000000,24,180
Input,Memory,1000000000,25,180
Input,Memory,1000000000,26,180
Input,Memory,1000000000,27,180
Input,Memory,1000000000,28,180
Input,Memory,1000000000,29,180
Input,Memory,1000000000,30,180
Input,Memory,1000000000,1,190
Input,Memory,1000000000,2,190
Input,Memory,1000000000,3,190
Input,Memory,1000000000,4,190
Input,Memory,1000000000,5,190
Input,Memory,1000000000,6,190
Input,Memory,1000000000,7,190
Input,Memory,1000000000,8,190
Input,Memory,1000000000,9,190
Input,Memory,1000000000,10,190
Input,Memory,1000000000,11,190
Input,Memory,1000000000,12,190
Input,Memory,1000000000,13,190
Input,Memory,1000000000,14,190
Input,Memory,1000000000,15,190
Input,Memory,1000000000,16,190
Input,Memory,1000000000,17,190
Input,Memory,1000000000,18,190
Input,Memory,1000000000,19,190
Input,Memory,1000000000,20,190
Input,Memory,1000000000,21,190
Input,Memory,1000000000,22,190
Input,Memory,1000000000,23,190
Input,Memory,1000000000,24,190
Input,Memory,1000000000,25,190
Input,Memory,1000000000,26,190
Input,Memory,1000000000,27,190
Input,Memory,1000000000,28,190
Input,Memory,1000000000,29,190
Input,Memory,1000000000,30,190
Input,Memory,1000000000,1,200
Input,Memory,1000000000,2,200
Input,Memory,1000000000,3,200
Input,Memory,1000000000,4,200
Input,Memory,1000000000,5,200
Input,Memory,1000000000,6,200
Input,Memory,1000000000,7,200
Input,Memory,1000000000,8,200
Input,Memory,1000000000,9,200
Input,Memory,1000000000,10,200
Input,Memory,1000000000,11,200
Input,Memory,1000000000,12,200
Input,Memory,1000000000,13,200
Input,Memory,1000000000,14,200
Input,Memory,1000000000,15,200
Input,Memory,1000000000,16,200
Input,Memory,1000000000,17,200
Input,Memory,1000000000,18,200
Input,Memory,1000000000,19,200
Input,Memory,1000000000,20,200
Input,Memory,1000000000,21,200
Input,Memory,1000000000,22,200
Input,Memory,1000000000,23,200
Input,Memory,1000000000,24,200
Input,Memory,1000000000,25,200
Input,Memory,1000000000,26,200
Input,Memory,1000000000,27,200
Input,Memory,1000000000,28,200
Input,Memory,1000000000,29,200
Input,Memory,1000000000,30,200
Input,Memory,1000000000,1,210
Input,Memory,1000000000,2,210
Input,Memory,1000000000,3,210
Input,Memory,1000000000,4,210
Input,Memory,1000000000,5,210
Input,Memory,1000000000,6,210
Input,Memory,1000000000,7,210
Input,Memory,1000000000,8,210
Input,Memory,1000000000,9,210
Input,Memory,1000000000,10,210
Input,Memory,1000000000,11,210
Input,Memory,1000000000,12,210
Input,Memory,1000000000,13,210
Input,Memory,1000000000,14,210
Input,Memory,1000000000,15,210
Input,Memory,1000000000,16,210
Input,Memory,1000000000,17,210
Input,Memory,1000000000,18,210
Input,Memory,1000000000,19,210
Input,Memory,1000000000,20,210
Input,Memory,1000000000,21,210
Input,Memory,1000000000,22,210
Input,Memory,1000000000,23,210
Input,Memory,1000000000,24,210
Input,Memory,1000000000,25,210
Input,Memory,1000000000,26,210
Input,Memory,1000000000,27,210
Input,Memory,1000000000,28,210
Input,Memory,1000000000,29,210
Input,Memory,1000000000,30,210
Input,Memory,1000000000,1,220
Input,Memory,1000000000,2,220
Input,Memory,1000000000,3,220
Input,Memory,1000000000,4,220
Input,Memory,1000000000,5,220
Input,Memory,1000000000,6,220
Input,Memory,1000000000,7,220
Input,Memory,1000000000,8,220
Input,Memory,1000000000,9,220
Input,Memory,1000000000,10,220
Input,Memory,1000000000,11,220
Input,Memory,1000000000,12,220
Input,Memory,1000000000,13,220
Input,Memory,1000000000,14,220
Input,Memory,1000000000,15,220
Input,Memory,1000000000,16,220
Input,Memory,1000000000,17,220
Input,Memory,1000000000,18,220
Input,Memory,1000000000,19,220
Input,Memory,1000000000,20,220
Input,Memory,1000000000,21,220
Input,Memory,1000000000,22,220
Input,Memory,1000000000,23,220
Input,Memory,1000000000,24,220
Input,Memory,1000000000,25,220
Input,Memory,1000000000,26,220
Input,Memory,1000000000,27,220
Input,Memory,1000000000,28,220
Input,Memory,1000000000,29,220
Input,Memory,1000000000,30,220
Input,Memory,1000000000,1,230
Input,Memory,1000000000,2,230
Input,Memory,1000000000,3,230
Input,Memory,1000000000,4,230
Input,Memory,1000000000,5,230
Input,Memory,1000000000,6,230
Input,Memory,1000000000,7,230
Input,Memory,1000000000,8,230
Input,Memory,1000000000,9,230
Input,Memory,1000000000,10,230
Input,Memory,1000000000,11,230
Input,Memory,1000000000,12,230
Input,Memory,1000000000,13,230
Input,Memory,1000000000,14,230
Input,Memory,1000000000,15,230
Input,Memory,1000000000,16,230
Input,Memory,1000000000,17,230
Input,Memory,1000000000,18,230
Input,Memory,1000000000,19,230
Input,Memory,1000000000,20,230
Input,Memory,1000000000,21,230
Input,Memory,1000000000,22,230
Input,Memory,1000000000,23,230
Input,Memory,1000000000,24,230
Input,Memory,1000000000,25,230
Input,Memory,1000000000,26,230
Input,Memory,1000000000,27,230
Input,Memory,1000000000,28,230
Input,Memory,1000000000,29,230
Input,Memory,1000000000,30,230
Input,Memory,1000000000,1,240
Input,Memory,1000000000,2,240
Input,Memory,1000000000,3,240
Input,Memory,1000000000,4,240
Input,Memory,1000000000,5,240
Input,Memory,1000000000,6,240
Input,Memory,1000000000,7,240
Input,Memory,1000000000,8,240
Input,Memory,1000000000,9,240
Input,Memory,1000000000,10,240
Input,Memory,1000000000,11,240
Input,Memory,1000000000,12,240
Input,Memory,1000000000,13,240
Input,Memory,1000000000,14,240
Input,Memory,1000000000,15,240
Input,Memory,1000000000,16,240
Input,Memory,1000000000,17,240
Input,Memory,1000000000,18,240
Input,Memory,1000000000,19,240
Input,Memory,1000000000,20,240
Input,Memory,1000000000,21,240
Input,Memory,1000000000,22,240
Input,Memory,1000000000,23,240
Input,Memory,1000000000,24,240
Input,Memory,1000000000,25,240
Input,Memory,1000000000,26,240
Input,Memory,1000000000,27,240
Input,Memory,1000000000,28,240
Input,Memory,1000000000,29,240
Input,Memory,1000000000,30,240
Input,Memory,1000000000,1,250
Input,Memory,1000000000,2,250
Input,Memory,1000000000,3,250
Input,Memory,1000000000,4,250
Input,Memory,1000000000,5,250
Input,Memory,1000000000,6,250
Input,Memory,1000000000,7,250
Input,Memory,1000000000,8,250
Input,Memory,1000000000,9,250
Input,Memory,1000000000,10,250
Input,Memory,1000000000,11,250
Input,Memory,1000000000,12,250
Input,Memory,1000000000,13,250
Input,Memory,1000000000,14,250
Input,Memory,1000000000,15,250
Input,Memory,1000000000,16,250
Input,Memory,1000000000,17,250
Input,Memory,1000000000,18,250
Input,Memory,1000000000,19,250
Input,Memory,1000000000,20,250
Input,Memory,1000000000,21,250
Input,Memory,1000000000,22,250
Input,Memory,1000000000,23,250
Input,Memory,1000000000,24,250
Input,Memory,1000000000,25,250
Input,Memory,1000000000,26,250
Input,Memory,1000000000,27,250
Input,Memory,1000000000,28,250
Input,Memory,1000000000,29,250
Input,Memory,1000000000,30,250
Input,Memory,1000000000,1,260
Input,Memory,1000000000,2,260
Input,Memory,1000000000,3,260
Input,Memory,1000000000,4,260
Input,Memory,1000000000,5,260
Input,Memory,1000000000,6,260
Input,Memory,1000000000,7,260
Input,Memory,1000000000,8,260
Input,Memory,1000000000,9,260
Input,Memory,1000000000,10,260
Input,Memory,1000000000,11,260
Input,Memory,1000000000,12,260
Input,Memory,1000000000,13,260
Input,Memory,1000000000,14,260
Input,Memory,1000000000,15,260
Input,Memory,1000000000,16,260
Input,Memory,1000000000,17,260
Input,Memory,1000000000,18,260
Input,Memory,1000000000,19,260
Input,Memory,1000000000,20,260
Input,Memory,1000000000,21,260
Input,Memory,1000000000,22,260
Input,Memory,1000000000,23,260
Input,Memory,1000000000,24,260
Input,Memory,1000000000,25,260
Input,Memory,1000000000,26,260
Input,Memory,1000000000,27,260
Input,Memory,1000000000,28,260
Input,Memory,1000000000,29,260
Input,Memory,1000000000,30,260
Input,Memory,1000000000,1,270
Input,Memory,1000000000,2,270
Input,Memory,1000000000,3,270
Input,Memory,1000000000,4,270
Input,Memory,1000000000,5,270
Input,Memory,1000000000,6,270
Input,Memory,1000000000,7,270
Input,Memory,1000000000,8,270
Input,Memory,1000000000,9,270
Input,Memory,1000000000,10,270
Input,Memory,1000000000,11,270
Input,Memory,1000000000,12,270
Input,Memory,1000000000,13,270
Input,Memory,1000000000,14,270
Input,Memory,1000000000,15,270
Input,Memory,1000000000,16,270
Input,Memory,1000000000,17,270
Input,Memory,1000000000,18,270
Input,Memory,1000000000,19,270
Input,Memory,1000000000,20,270
Input,Memory,1000000000,21,270
Input,Memory,1000000000,22,270
Input,Memory,1000000000,23,270
Input,Memory,1000000000,24,270
Input,Memory,1000000000,25,270
Input,Memory,1000000000,26,270
Input,Memory,1000000000,27,270
Input,Memory,1000000000,28,270
Input,Memory,1000000000,29,270
Input,Memory,1000000000,30,270
Input,Memory,1000000000,1,280
Input,Memory,1000000000,2,280
Input,Memory,1000000000,3,280
Input,Memory,1000000000,4,280
Input,Memory,1000000000,5,280
Input,Memory,1000000000,6,280
Input,Memory,1000000000,7,280
Input,Memory,1000000000,8,280
Input,Memory,1000000000,9,280
Input,Memory,1000000000,10,280
Input,Memory,1000000000,11,280
Input,Memory,1000000000,12,280
Input,Memory,1000000000,13,280
Input,Memory,1000000000,14,280
Input,Memory,1000000000,15,280
Input,Memory,1000000000,16,280
Input,Memory,1000000000,17,280
Input,Memory,1000000000,18,280
Input,Memory,1000000000,19,280
Input,Memory,1000000000,20,280
Input,Memory,1000000000,21,280
Input,Memory,1000000000,22,280
Input,Memory,1000000000,23,280
Input,Memory,1000000000,24,280
Input,Memory,1000000000,25,280
Input,Memory,1000000000,26,280
Input,Memory,1000000000,27,280
Input,Memory,1000000000,28,280
Input,Memory,1000000000,29,280
Input,Memory,1000000000,30,280
Input,Memory,1000000000,1,290
Input,Memory,1000000000,2,290
Input,Memory,1000000000,3,290
Input,Memory,1000000000,4,290
Input,Memory,1000000000,5,290
Input,Memory,1000000000,6,290
Input,Memory,1000000000,7,290
Input,Memory,1000000000,8,290
Input,Memory,1000000000,9,290
Input,Memory,1000000000,10,290
Input,Memory,1000000000,11,290
Input,Memory,1000000000,12,290
Input,Memory,1000000000,13,290
Input,Memory,1000000000,14,290
Input,Memory,1000000000,15,290
Input,Memory,1000000000,16,290
Input,Memory,1000000000,17,290
Input,Memory,1000000000,18,290
Input,Memory,1000000000,19,290
Input,Memory,1000000000,20,290
Input,Memory,1000000000,21,290
Input,Memory,1000000000,22,290
Input,Memory,1000000000,23,290
Input,Memory,1000000000,24,290
Input,Memory,1000000000,25,290
Input,Memory,1000000000,26,290
Input,Memory,1000000000,27,290
Input,Memory,1000000000,28,290
Input,Memory,1000000000,29,290
Input,Memory,1000000000,30,290
Input,Memory,1000000000,1,300
Input,Memory,1000000000,2,300
Input,Memory,1000000000,3,300
Input,Memory,1000000000,4,300
Input,Memory,1000000000,5,300
Input,Memory,1000000000,6,300
Input,Memory,1000000000,7,300
Input,Memory,1000000000,8,300
Input,Memory,1000000000,9,300
Input,Memory,1000000000,10,300
Input,Memory,1000000000,11,300
Input,Memory,1000000000,12,300
Input,Memory,1000000000,13,300
Input,Memory,1000000000,14,300
Input,Memory,1000000000,15,300
Input,Memory,1000000000,16,300
Input,Memory,1000000000,17,300
Input,Memory,1000000000,18,300
Input,Memory,1000000000,19,300
Input,Memory,1000000000,20,300
Input,Memory,1000000000,21,300
Input,Memory,1000000000,22,300
Input,Memory,1000000000,23,300
Input,Memory,1000000000,24,300
Input,Memory,1000000000,25,300
Input,Memory,1000000000,26,300
Input,Memory,1000000000,27,300
Input,Memory,1000000000,28,300
Input,Memory,1000000000,29,300
Input,Memory,1000000000,30,300
Input,Memory,1000000000,1,310
Input,Memory,1000000000,2,310
Input,Memory,1000000000,3,310
Input,Memory,1000000000,4,310
Input,Memory,1000000000,5,310
Input,Memory,1000000000,6,310
Input,Memory,1000000000,7,310
Input,Memory,1000000000,8,310
Input,Memory,1000000000,9,310
Input,Memory,1000000000,10,310
Input,Memory,1000000000,11,310
Input,Memory,1000000000,12,310
Input,Memory,1000000000,13,310
Input,Memory,1000000000,14,310
Input,Memory,1000000000,15,310
Input,Memory,1000000000,16,310
Input,Memory,1000000000,17,310
Input,Memory,1000000000,18,310
Input,Memory,1000000000,19,310
Input,Memory,1000000000,20,310
Input,Memory,1000000000,21,310
Input,Memory,1000000000,22,310
Input,Memory,1000000000,23,310
Input,Memory,1000000000,24,310
Input,Memory,1000000000,25,310
Input,Memory,1000000000,26,310
Input,Memory,1000000000,27,310
Input,Memory,1000000000,28,310
Input,Memory,1000000000,29,310
Input,Memory,1000000000,30,310
Input,Memory,1000000000,1,320
Input,Memory,1000000000,2,320
Input,Memory,1000000000,3,320
Input,Memory,1000000000,4,320
Input,Memory,1000000000,5,320
Input,Memory,1000000000,6,320
Input,Memory,1000000000,7,320
Input,Memory,1000000000,8,320
Input,Memory,1000000000,9,320
Input,Memory,1000000000,10,320
Input,Memory,1000000000,11,320
Input,Memory,1000000000,12,320
Input,Memory,1000000000,13,320
Input,Memory,1000000000,14,320
Input,Memory,1000000000,15,320
Input,Memory,1000000000,16,320
Input,Memory,1000000000,17,320
Input,Memory,1000000000,18,320
Input,Memory,1000000000,19,320
Input,Memory,1000000000,20,320
Input,Memory,1000000000,21,320
Input,Memory,1000000000,22,320
Input,Memory,1000000000,23,320
Input,Memory,1000000000,24,320
Input,Memory,1000000000,25,320
Input,Memory,1000000000,26,320
Input,Memory,1000000000,27,320
Input,Memory,1000000000,28,320
Input,Memory,1000000000,29,320
Input,Memory,1000000000,30,320
Input,Memory,1000000000,1,330
Input,Memory,1000000000,2,330
Input,Memory,1000000000,3,330
Input,Memory,1000000000,4,330
Input,Memory,1000000000,5,330
Input,Memory,1000000000,6,330
Input,Memory,1000000000,7,330
Input,Memory,1000000000,8,330
Input,Memory,1000000000,9,330
Input,Memory,1000000000,10,330
Input,Memory,1000000000,11,330
Input,Memory,1000000000,12,330
Input,Memory,1000000000,13,330
Input,Memory,1000000000,14,330
Input,Memory,1000000000,15,330
Input,Memory,1000000000,16,330
Input,Memory,1000000000,17,330
Input,Memory,1000000000,18,330
Input,Memory,1000000000,19,330
Input,Memory,1000000000,20,330
Input,Memory,1000000000,21,330
Input,Memory,1000000000,22,330
Input,Memory,1000000000,23,330
Input,Memory,1000000000,24,330
Input,Memory,1000000000,25,330
Input,Memory,1000000000,26,330
Input,Memory,1000000000,27,330
Input,Memory,1000000000,28,330
Input,Memory,1000000000,29,330
Input,Memory,1000000000,30,330
Input,Memory,1000000000,1,340
Input,Memory,1000000000,2,340
Input,Memory,1000000000,3,340
Input,Memory,1000000000,4,340
Input,Memory,1000000000,5,340
Input,Memory,1000000000,6,340
Input,Memory,1000000000,7,340
Input,Memory,1000000000,8,340
Input,Memory,1000000000,9,340
Input,Memory,File length (n),10,340
Input,Memory,1000000000,11,340
Input,Memory,1000000000,12,340
Input,Memory,1000000000,13,340
Input,Memory,1000000000,14,340
Input,Memory,1000000000,15,340
Input,Memory,1000000000,16,340
Input,Memory,1000000000,17,340
Input,Memory,1000000000,18,340
Input,Memory,1000000000,19,340
Input,Memory,1000000000,20,340
Input,Memory,1000000000,21,340
Input,Memory,1000000000,22,340
Input,Memory,1000000000,23,340
Input,Memory,1000000000,24,340
Input,Memory,1000000000,25,340
Input,Memory,1000000000,26,340
Input,Memory,1000000000,27,340
Input,Memory,1000000000,28,340
Input,Memory,1000000000,29,340
Input,Memory,1000000000,30,340
Input,Memory,1000000000,1,350
Input,Memory,1000000000,2,350
Input,Memory,1000000000,3,350
Input,Memory,1000000000,4,350
Input,Memory,1000000000,5,350
Input,Memory,1000000000,6,350
Input,Memory,1000000000,7,350
Input,Memory,1000000000,8,350
Input,Memory,1000000000,9,350
Input,Memory,1000000000,10,350
Input,Memory,1000000000,11,350
Input,Memory,1000000000,12,350
Input,Memory,1000000000,13,350
Input,Memory,1000000000,14,350
Input,Memory,1000000000,15,350
Input,Memory,1000000000,16,350
Input,Memory,1000000000,17,350
Input,Memory,1000000000,18,350
Input,Memory,1000000000,19,350
Input,Memory,1000000000,20,350
Input,Memory,1000000000,21,350
Input,Memory,1000000000,22,350
Input,Memory,1000000000,23,350
Input,Memory,1000000000,24,350
Input,Memory,1000000000,25,350
Input,Memory,1000000000,26,350
Input,Memory,1000000000,27,350
Input,Memory,1000000000,28,350
Input,Memory,1000000000,29,350
Input,Memory,1000000000,30,350
Input,Memory,1000000000,1,360
Input,Memory,1000000000,2,360
Input,Memory,1000000000,3,360
Input,Memory,1000000000,4,360
Input,Memory,1000000000,5,360
Input,Memory,1000000000,6,360
Input,Memory,1000000000,7,360
Input,Memory,1000000000,8,360
Input,Memory,1000000000,9,360
Input,Memory,1000000000,10,360
Input,Memory,1000000000,11,360
Input,Memory,1000000000,12,360
Input,Memory,1000000000,13,360
Input,Memory,1000000000,14,360
Input,Memory,1000000000,15,360
Input,Memory,1000000000,16,360
Input,Memory,1000000000,17,360
Input,Memory,1000000000,18,360
Input,Memory,1000000000,19,360
Input,Memory,1000000000,20,360
Input,Memory,1000000000,21,360
Input,Memory,1000000000,22,360
Input,Memory,1000000000,23,360
Input,Memory,1000000000,24,360
Input,Memory,1000000000,25,360
Input,Memory,1000000000,26,360
Input,Memory,1000000000,27,360
Input,Memory,1000000000,28,360
Input,Memory,1000000000,29,360
Input,Memory,1000000000,30,360
Input,Memory,1000000000,1,370
Input,Memory,1000000000,2,370
Input,Memory,1000000000,3,370
Input,Memory,1000000000,4,370
Input,Memory,1000000000,5,370
Input,Memory,1000000000,6,370
Input,Memory,1000000000,7,370
Input,Memory,1000000000,8,370
Input,Memory,1000000000,9,370
Input,Memory,1000000000,10,370
Input,Memory,1000000000,11,370
Input,Memory,1000000000,12,370
Input,Memory,1000000000,13,370
Input,Memory,1000000000,14,370
Input,Memory,1000000000,15,370
Input,Memory,1000000000,16,370
Input,Memory,1000000000,17,370
Input,Memory,1000000000,18,370
Input,Memory,1000000000,19,370
Input,Memory,1000000000,20,370
Input,Memory,1000000000,21,370
Input,Memory,1000000000,22,370
Input,Memory,1000000000,23,370
Input,Memory,1000000000,24,370
Input,Memory,1000000000,25,370
Input,Memory,1000000000,26,370
Input,Memory,1000000000,27,370
Input,Memory,1000000000,28,370
Input,Memory,1000000000,29,370
Input,Memory,1000000000,30,370
Input,Memory,1000000000,1,380
Input,Memory,1000000000,2,380
Input,Memory,1000000000,3,380
Input,Memory,1000000000,4,380
Input,Memory,1000000000,5,380
Input,Memory,1000000000,6,380
Input,Memory,1000000000,7,380
Input,Memory,1000000000,8,380
Input,Memory,1000000000,9,380
Input,Memory,1000000000,10,380
Input,Memory,1000000000,11,380
Input,Memory,1000000000,12,380
Input,Memory,1000000000,13,380
Input,Memory,1000000000,14,380
Input,Memory,1000000000,15,380
Input,Memory,1000000000,16,380
Input,Memory,1000000000,17,380
Input,Memory,1000000000,18,380
Input,Memory,1000000000,19,380
Input,Memory,1000000000,20,380
Input,Memory,1000000000,21,380
Input,Memory,1000000000,22,380
Input,Memory,1000000000,23,380
Input,Memory,1000000000,24,380
Input,Memory,1000000000,25,380
Input,Memory,1000000000,26,380
Input,Memory,1000000000,27,380
Input,Memory,1000000000,28,380
Input,Memory,1000000000,29,380
Input,Memory,1000000000,30,380
Input,Memory,1000000000,1,390
Input,Memory,1000000000,2,390
Input,Memory,1000000000,3,390
Input,Memory,1000000000,4,390
Input,Memory,1000000000,5,390
Input,Memory,1000000000,6,390
Input,Memory,1000000000,7,390
Input,Memory,1000000000,8,390
Input,Memory,1000000000,9,390
Input,Memory,1000000000,10,390
Input,Memory,1000000000,11,390
Input,Memory,1000000000,12,390
Input,Memory,1000000000,13,390
Input,Memory,1000000000,14,390
Input,Memory,1000000000,15,390
Input,Memory,1000000000,16,390
Input,Memory,1000000000,17,390
Input,Memory,1000000000,18,390
Input,Memory,1000000000,19,390
Input,Memory,1000000000,20,390
Input,Memory,1000000000,21,390
Input,Memory,1000000000,22,390
Input,Memory,1000000000,23,390
Input,Memory,1000000000,24,390
Input,Memory,1000000000,25,390
Input,Memory,1000000000,26,390
Input,Memory,1000000000,27,390
Input,Memory,1000000000,28,390
Input,Memory,1000000000,29,390
Input,Memory,1000000000,30,390
Input,Memory,1000000000,1,400
Input,Memory,1000000000,2,400
Input,Memory,1000000000,3,400
Input,Memory,1000000000,4,400
Input,Memory,1000000000,5,400
Input,Memory,1000000000,6,400
Input,Memory,1000000000,7,400
Input,Memory,1000000000,8,400
Input,Memory,1000000000,9,400
Input,Memory,1000000000,10,400
Input,Memory,1000000000,11,400
Input,Memory,1000000000,12,400
Input,Memory,1000000000,13,400
Input,Memory,1000000000,14,400
Input,Memory,1000000000,15,400
Input,Memory,1000000000,16,400
Input,Memory,1000000000,17,400
Input,Memory,1000000000,18,400
Input,Memory,1000000000,19,400
Input,Memory,1000000000,20,400
Input,Memory,1000000000,21,400
Input,Memory,1000000000,22,400
Input,Memory,1000000000,23,400
Input,Memory,1000000000,24,400
Input,Memory,1000000000,25,400
Input,Memory,1000000000,26,400
Input,Memory,1000000000,27,400
Input,Memory,1000000000,28,400
Input,Memory,1000000000,29,400
Input,Memory,1000000000,30,400
Input,Memory,1000000000,1,410
Input,Memory,1000000000,2,410
Input,Memory,1000000000,3,410
Input,Memory,1000000000,4,410
Input,Memory,1000000000,5,410
Input,Memory,1000000000,6,410
Input,Memory,1000000000,7,410
Input,Memory,1000000000,8,410
Input,Memory,1000000000,9,410
Input,Memory,1000000000,10,410
Input,Memory,1000000000,11,410
Input,Memory,1000000000,12,410
Input,Memory,1000000000,13,410
Input,Memory,1000000000,14,410
Input,Memory,1000000000,15,410
Input,Memory,1000000000,16,410
Input,Memory,1000000000,17,410
Input,Memory,1000000000,18,410
Input,Memory,1000000000,19,410
Input,Memory,1000000000,20,410
Input,Memory,1000000000,21,410
Input,Memory,1000000000,22,410
Input,Memory,1000000000,23,410
Input,Memory,1000000000,24,410
Input,Memory,1000000000,25,410
Input,Memory,1000000000,26,410
Input,Memory,1000000000,27,410
Input,Memory,1000000000,28,410
Input,Memory,1000000000,29,410
Input,Memory,1000000000,30,410
Input,Memory,1000000000,1,420
Input,Memory,1000000000,2,420
Input,Memory,1000000000,3,420
Input,Memory,1000000000,4,420
Input,Memory,1000000000,5,420
Input,Memory,1000000000,6,420
Input,Memory,1000000000,7,420
Input,Memory,1000000000,8,420
Input,Memory,1000000000,9,420
Input,Memory,1000000000,10,420
Input,Memory,1000000000,11,420
Input,Memory,1000000000,12,420
Input,Memory,1000000000,13,420
Input,Memory,1000000000,14,420
Input,Memory,1000000000,15,420
Input,Memory,1000000000,16,420
Input,Memory,1000000000,17,420
Input,Memory,1000000000,18,420
Input,Memory,1000000000,19,420
Input,Memory,1000000000,20,420
Input,Memory,1000000000,21,420
Input,Memory,1000000000,22,420
Input,Memory,1000000000,23,420
Input,Memory,1000000000,24,420
Input,Memory,1000000000,25,420
Input,Memory,1000000000,26,420
Input,Memory,1000000000,27,420
Input,Memory,1000000000,28,420
Input,Memory,1000000000,29,420
Input,Memory,1000000000,30,420
Input,Memory,1000000000,1,430
Input,Memory,1000000000,2,430
Input,Memory,1000000000,3,430
Input,Memory,1000000000,4,430
Input,Memory,1000000000,5,430
Input,Memory,1000000000,6,430
Input,Memory,1000000000,7,430
Input,Memory,1000000000,8,430
Input,Memory,1000000000,9,430
Input,Memory,1000000000,10,430
Input,Memory,1000000000,11,430
Input,Memory,1000000000,12,430
Input,Memory,1000000000,13,430
Input,Memory,1000000000,14,430
Input,Memory,1000000000,15,430
Input,Memory,1000000000,16,430
Input,Memory,1000000000,17,430
Input,Memory,1000000000,18,430
Input,Memory,1000000000,19,430
Input,Memory,1000000000,20,430
Input,Memory,1000000000,21,430
Input,Memory,1000000000,22,430
Input,Memory,1000000000,23,430
Input,Memory,1000000000,24,430
Input,Memory,1000000000,25,430
Input,Memory,1000000000,26,430
Input,Memory,1000000000,27,430
Input,Memory,1000000000,28,430
Input,Memory,1000000000,29,430
Input,Memory,1000000000,30,430
Input,Memory,1000000000,1,440
Input,Memory,1000000000,2,440
Input,Memory,1000000000,3,440
Input,Memory,1000000000,4,440
Input,Memory,1000000000,5,440
Input,Memory,1000000000,6,440
Input,Memory,1000000000,7,440
Input,Memory,1000000000,8,440
Input,Memory,1000000000,9,440
Input,Memory,1000000000,10,440
Input,Memory,1000000000,11,440
Input,Memory,1000000000,12,440
Input,Memory,1000000000,13,440
Input,Memory,1000000000,14,440
Input,Memory,1000000000,15,440
Input,Memory,1000000000,16,440
Input,Memory,1000000000,17,440
Input,Memory,1000000000,18,440
Input,Memory,1000000000,19,440
Input,Memory,1000000000,20,440
Input,Memory,1000000000,21,440
Input,Memory,1000000000,22,440
Input,Memory,1000000000,23,440
Input,Memory,1000000000,24,440
Input,Memory,1000000000,25,440
Input,Memory,1000000000,26,440
Input,Memory,1000000000,27,440
Input,Memory,1000000000,28,440
Input,Memory,1000000000,29,440
Input,Memory,1000000000,30,440
Input,Memory,1000000000,1,450
Input,Memory,1000000000,2,450
Input,Memory,1000000000,3,450
Input,Memory,1000000000,4,450
Input,Memory,1000000000,5,450
Input,Memory,1000000000,6,450
Input,Memory,1000000000,7,450
Input,Memory,1000000000,8,450
Input,Memory,1000000000,9,450
Input,Memory,1000000000,10,450
Input,Memory,1000000000,11,450
Input,Memory,1000000000,12,450
Input,Memory,1000000000,13,450
Input,Memory,1000000000,14,450
Input,Memory,1000000000,15,450
Input,Memory,1000000000,16,450
Input,Memory,1000000000,17,450
Input,Memory,1000000000,18,450
Input,Memory,1000000000,19,450
Input,Memory,1000000000,20,450
Input,Memory,1000000000,21,450
Input,Memory,1000000000,22,450
Input,Memory,1000000000,23,450
Input,Memory,1000000000,24,450
Input,Memory,1000000000,25,450
Input,Memory,1000000000,26,450
Input,Memory,1000000000,27,450
Input,Memory,1000000000,28,450
Input,Memory,1000000000,29,450
Input,Memory,1000000000,30,450
Input,Memory,1000000000,1,460
Input,Memory,1000000000,2,460
Input,Memory,1000000000,3,460
Input,Memory,1000000000,4,460
Input,Memory,1000000000,5,460
Input,Memory,1000000000,6,460
Input,Memory,1000000000,7,460
Input,Memory,1000000000,8,460
Input,Memory,1000000000,9,460
Input,Memory,1000000000,10,460
Input,Memory,1000000000,11,460
Input,Memory,1000000000,12,460
Input,Memory,1000000000,13,460
Input,Memory,1000000000,14,460
Input,Memory,1000000000,15,460
Input,Memory,1000000000,16,460
Input,Memory,1000000000,17,460
Input,Memory,1000000000,18,460
Input,Memory,1000000000,19,460
Input,Memory,1000000000,20,460
Input,Memory,1000000000,21,460
Input,Memory,1000000000,22,460
Input,Memory,1000000000,23,460
Input,Memory,1000000000,24,460
Input,Memory,1000000000,25,460
Input,Memory,1000000000,26,460
Input,Memory,1000000000,27,460
Input,Memory,1000000000,28,460
Input,Memory,1000000000,29,460
Input,Memory,1000000000,30,460
Input,Memory,1000000000,1,470
Input,Memory,1000000000,2,470
Input,Memory,1000000000,3,470
Input,Memory,1000000000,4,470
Input,Memory,1000000000,5,470
Input,Memory,1000000000,6,470
Input,Memory,1000000000,7,470
Input,Memory,1000000000,8,470
Input,Memory,1000000000,9,470
Input,Memory,1000000000,10,470
Input,Memory,1000000000,11,470
Input,Memory,1000000000,12,470
Input,Memory,1000000000,13,470
Input,Memory,1000000000,14,470
Input,Memory,1000000000,15,470
Input,Memory,1000000000,16,470
Input,Memory,1000000000,17,470
Input,Memory,1000000000,18,470
Input,Memory,1000000000,19,470
Input,Memory,1000000000,20,470
Input,Memory,1000000000,21,470
Input,Memory,1000000000,22,470
Input,Memory,1000000000,23,470
Input,Memory,1000000000,24,470
Input,Memory,1000000000,25,470
Input,Memory,1000000000,26,470
Input,Memory,1000000000,27,470
Input,Memory,1000000000,28,470
Input,Memory,1000000000,29,470
Input,Memory,1000000000,30,470
Input,Memory,1000000000,1,480
Input,Memory,1000000000,2,480
Input,Memory,1000000000,3,480
Input,Memory,1000000000,4,480
Input,Memory,1000000000,5,480
Input,Memory,1000000000,6,480
Input,Memory,1000000000,7,480
Input,Memory,1000000000,8,480
Input,Memory,1000000000,9,480
Input,Memory,1000000000,10,480
Input,Memory,1000000000,11,480
Input,Memory,1000000000,12,480
Input,Memory,1000000000,13,480
Input,Memory,1000000000,14,480
Input,Memory,1000000000,15,480
Input,Memory,1000000000,16,480
Input,Memory,1000000000,17,480
Input,Memory,1000000000,18,480
Input,Memory,1000000000,19,480
Input,Memory,1000000000,20,480
Input,Memory,1000000000,21,480
Input,Memory,1000000000,22,480
Input,Memory,1000000000,23,480
Input,Memory,1000000000,24,480
Input,Memory,1000000000,25,480
Input,Memory,1000000000,26,480
Input,Memory,1000000000,27,480
Input,Memory,1000000000,28,480
Input,Memory,1000000000,29,480
Input,Memory,1000000000,30,480
Input,Memory,1000000000,1,490
Input,Memory,1000000000,2,490
Input,Memory,1000000000,3,490
Input,Memory,1000000000,4,490
Input,Memory,1000000000,5,490
Input,Memory,1000000000,6,490
Input,Memory,1000000000,7,490
Input,Memory,1000000000,8,490
Input,Memory,1000000000,9,490
Input,Memory,1000000000,10,490
Input,Memory,1000000000,11,490
Input,Memory,1000000000,12,490
Input,Memory,1000000000,13,490
Input,Memory,1000000000,14,490
Input,Memory,1000000000,15,490
Input,Memory,1000000000,16,490
Input,Memory,1000000000,17,490
Input,Memory,1000000000,18,490
Input,Memory,1000000000,19,490
Input,Memory,1000000000,20,490
Input,Memory,1000000000,21,490
Input,Memory,1000000000,22,490
Input,Memory,1000000000,23,490
Input,Memory,1000000000,24,490
Input,Memory,1000000000,25,490
Input,Memory,1000000000,26,490
Input,Memory,1000000000,27,490
Input,Memory,1000000000,28,490
Input,Memory,1000000000,29,490
Input,Memory,1000000000,30,490
Input,Memory,1000000000,1,500
Input,Memory,1000000000,2,500
Input,Memory,1000000000,3,500
Input,Memory,1000000000,4,500
Input,Memory,1000000000,5,500
Input,Memory,1000000000,6,500
Input,Memory,1000000000,7,500
Input,Memory,1000000000,8,500
Input,Memory,1000000000,9,500
Input,Memory,1000000000,10,500
Input,Memory,1000000000,11,500
Input,Memory,1000000000,12,500
Input,Memory,1000000000,13,500
Input,Memory,1000000000,14,500
Input,Memory,1000000000,15,500
Input,Memory,1000000000,16,500
Input,Memory,1000000000,17,500
Input,Memory,1000000000,18,500
Input,Memory,1000000000,19,500
Input,Memory,1000000000,20,500
Input,Memory,1000000000,21,500
Input,Memory,1000000000,22,500
Input,Memory,1000000000,23,500
Input,Memory,1000000000,24,500
Input,Memory,1000000000,25,500
Input,Memory,1000000000,26,500
Input,Memory,1000000000,27,500
Input,Memory,1000000000,28,500
Input,Memory,1000000000,29,500
Input,Memory,1000000000,30,500
Input,Memory,1000000000,1,510
Input,Memory,1000000000,2,510
Input,Memory,1000000000,3,510
Input,Memory,1000000000,4,510
Input,Memory,1000000000,5,510
Input,Memory,1000000000,6,510
Input,Memory,1000000000,7,510
Input,Memory,1000000000,8,510
Input,Memory,1000000000,9,510
Input,Memory,1000000000,10,510
Input,Memory,1000000000,11,510
Input,Memory,1000000000,12,510
Input,Memory,1000000000,13,510
Input,Memory,1000000000,14,510
Input,Memory,1000000000,15,510
Input,Memory,1000000000,16,510
Input,Memory,1000000000,17,510
Input,Memory,1000000000,18,510
Input,Memory,1000000000,19,510
Input,Memory,1000000000,20,510
Input,Memory,1000000000,21,510
Input,Memory,1000000000,22,510
Input,Memory,1000000000,23,510
Input,Memory,1000000000,24,510
Input,Memory,1000000000,25,510
Input,Memory,1000000000,26,510
Input,Memory,1000000000,27,510
Input,Memory,1000000000,28,510
Input,Memory,1000000000,29,510
Input,Memory,1000000000,30,510
Input,Memory,1000000000,1,520
Input,Memory,1000000000,2,520
Input,Memory,1000000000,3,520
Input,Memory,1000000000,4,520
Input,Memory,1000000000,5,520
Input,Memory,1000000000,6,520
Input,Memory,1000000000,7,520
Input,Memory,1000000000,8,520
Input,Memory,1000000000,9,520
Input,Memory,1000000000,10,520
Input,Memory,1000000000,11,520
Input,Memory,1000000000,12,520
Input,Memory,1000000000,13,520
Input,Memory,1000000000,14,520
Input,Memory,1000000000,15,520
Input,Memory,1000000000,16,520
Input,Memory,1000000000,17,520
Input,Memory,1000000000,18,520
Input,Memory,1000000000,19,520
Input,Memory,1000000000,20,520
Input,Memory,1000000000,21,520
Input,Memory,1000000000,22,520
Input,Memory,1000000000,23,520
Input,Memory,1000000000,24,520
Input,Memory,1000000000,25,520
Input,Memory,1000000000,26,520
Input,Memory,1000000000,27,520
Input,Memory,1000000000,28,520
Input,Memory,1000000000,29,520
Input,Memory,1000000000,30,520
Input,Memory,1000000000,1,530
Input,Memory,1000000000,2,530
Input,Memory,1000000000,3,530
Input,Memory,1000000000,4,530
Input,Memory,1000000000,5,530
Input,Memory,1000000000,6,530
Input,Memory,1000000000,7,530
Input,Memory,1000000000,8,530
Input,Memory,1000000000,9,530
Input,Memory,1000000000,10,530
Input,Memory,1000000000,11,530
Input,Memory,1000000000,12,530
Input,Memory,1000000000,13,530
Input,Memory,1000000000,14,530
Input,Memory,1000000000,15,530
Input,Memory,1000000000,16,530
Input,Memory,1000000000,17,530
Input,Memory,1000000000,18,530
Input,Memory,1000000000,19,530
Input,Memory,1000000000,20,530
Input,Memory,1000000000,21,530
Input,Memory,1000000000,22,530
Input,Memory,1000000000,23,530
Input,Memory,1000000000,24,530
Input,Memory,1000000000,25,530
Input,Memory,1000000000,26,530
Input,Memory,1000000000,27,530
Input,Memory,1000000000,28,530
Input,Memory,1000000000,29,530
Input,Memory,1000000000,30,530
Input,Memory,1000000000,1,540
Input,Memory,1000000000,2,540
Input,Memory,1000000000,3,540
Input,Memory,1000000000,4,540
Input,Memory,1000000000,5,540
Input,Memory,1000000000,6,540
Input,Memory,1000000000,7,540
Input,Memory,1000000000,8,540
Input,Memory,1000000000,9,540
Input,Memory,1000000000,10,540
Input,Memory,1000000000,11,540
Input,Memory,1000000000,12,540
Input,Memory,1000000000,13,540
Input,Memory,1000000000,14,540
Input,Memory,1000000000,15,540
Input,Memory,1000000000,16,540
Input,Memory,1000000000,17,540
Input,Memory,1000000000,18,540
Input,Memory,1000000000,19,540
Input,Memory,1000000000,20,540
Input,Memory,1000000000,21,540
Input,Memory,1000000000,22,540
Input,Memory,1000000000,23,540
Input,Memory,1000000000,24,540
Input,Memory,1000000000,25,540
Input,Memory,1000000000,26,540
Input,Memory,1000000000,27,540
Input,Memory,1000000000,28,540
Input,Memory,1000000000,29,540
Input,Memory,1000000000,30,540
Input,Memory,1000000000,1,550
Input,Memory,1000000000,2,550
Input,Memory,1000000000,3,550
Input,Memory,1000000000,4,550
Input,Memory,1000000000,5,550
Input,Memory,1000000000,6,550
Input,Memory,1000000000,7,550
Input,Memory,1000000000,8,550
Input,Memory,1000000000,9,550
Input,Memory,1000000000,10,550
Input,Memory,1000000000,11,550
Input,Memory,1000000000,12,550
Input,Memory,1000000000,13,550
Input,Memory,1000000000,14,550
Input,Memory,1000000000,15,550
Input,Memory,1000000000,16,550
Input,Memory,1000000000,17,550
Input,Memory,1000000000,18,550
Input,Memory,1000000000,19,550
Input,Memory,1000000000,20,550
Input,Memory,1000000000,21,550
Input,Memory,1000000000,22,550
Input,Memory,1000000000,23,550
Input,Memory,1000000000,24,550
Input,Memory,1000000000,25,550
Input,Memory,1000000000,26,550
Input,Memory,1000000000,27,550
Input,Memory,1000000000,28,550
Input,Memory,1000000000,29,550
Input,Memory,1000000000,30,550
Input,Memory,1000000000,1,560
Input,Memory,1000000000,2,560
Input,Memory,1000000000,3,560
Input,Memory,1000000000,4,560
Input,Memory,1000000000,5,560
Input,Memory,1000000000,6,560
Input,Memory,1000000000,7,560
Input,Memory,1000000000,8,560
Input,Memory,1000000000,9,560
Input,Memory,1000000000,10,560
Input,Memory,1000000000,11,560
Input,Memory,1000000000,12,560
Input,Memory,1000000000,13,560
Input,Memory,1000000000,14,560
Input,Memory,1000000000,15,560
Input,Memory,1000000000,16,560
Input,Memory,1000000000,17,560
Input,Memory,1000000000,18,560
Input,Memory,1000000000,19,560
Input,Memory,1000000000,20,560
Input,Memory,1000000000,21,560
Input,Memory,1000000000,22,560
Input,Memory,1000000000,23,560
Input,Memory,1000000000,24,560
Input,Memory,1000000000,25,560
Input,Memory,1000000000,26,560
Input,Memory,1000000000,27,560
Input,Memory,1000000000,28,560
Input,Memory,1000000000,29,560
Input,Memory,1000000000,30,560
Input,Memory,1000000000,1,570
Input,Memory,1000000000,2,570
Input,Memory,1000000000,3,570
Input,Memory,1000000000,4,570
Input,Memory,1000000000,5,570
Input,Memory,1000000000,6,570
Input,Memory,1000000000,7,570
Input,Memory,1000000000,8,570
Input,Memory,1000000000,9,570
Input,Memory,1000000000,10,570
Input,Memory,1000000000,11,570
Input,Memory,1000000000,12,570
Input,Memory,1000000000,13,570
Input,Memory,1000000000,14,570
Input,Memory,1000000000,15,570
Input,Memory,1000000000,16,570
Input,Memory,1000000000,17,570
Input,Memory,1000000000,18,570
Input,Memory,1000000000,19,570
Input,Memory,1000000000,20,570
Input,Memory,1000000000,21,570
Input,Memory,1000000000,22,570
Input,Memory,1000000000,23,570
Input,Memory,1000000000,24,570
Input,Memory,1000000000,25,570
Input,Memory,1000000000,26,570
Input,Memory,1000000000,27,570
Input,Memory,1000000000,28,570
Input,Memory,1000000000,29,570
Input,Memory,1000000000,30,570
Input,Memory,1000000000,1,580
Input,Memory,1000000000,2,580
Input,Memory,1000000000,3,580
Input,Memory,1000000000,4,580
Input,Memory,1000000000,5,580
Input,Memory,1000000000,6,580
Input,Memory,1000000000,7,580
Input,Memory,1000000000,8,580
Input,Memory,1000000000,9,580
Input,Memory,1000000000,10,580
Input,Memory,1000000000,11,580
Input,Memory,1000000000,12,580
Input,Memory,1000000000,13,580
Input,Memory,1000000000,14,580
Input,Memory,1000000000,15,580
Input,Memory,1000000000,16,580
Input,Memory,1000000000,17,580
Input,Memory,1000000000,18,580
Input,Memory,1000000000,19,580
Input,Memory,1000000000,20,580
Input,Memory,1000000000,21,580
Input,Memory,1000000000,22,580
Input,Memory,1000000000,23,580
Input,Memory,1000000000,24,580
Input,Memory,1000000000,25,580
Input,Memory,1000000000,26,580
Input,Memory,1000000000,27,580
Input,Memory,1000000000,28,580
Input,Memory,1000000000,29,580
Input,Memory,1000000000,30,580
Input,Memory,1000000000,1,590
Input,Memory,1000000000,2,590
Input,Memory,1000000000,3,590
Input,Memory,1000000000,4,590
Input,Memory,1000000000,5,590
Input,Memory,1000000000,6,590
Input,Memory,1000000000,7,590
Input,Memory,1000000000,8,590
Input,Memory,1000000000,9,590
Input,Memory,1000000000,10,590
Input,Memory,1000000000,11,590
Input,Memory,1000000000,12,590
Input,Memory,1000000000,13,590
Input,Memory,1000000000,14,590
Input,Memory,1000000000,15,590
Input,Memory,1000000000,16,590
Input,Memory,1000000000,17,590
Input,Memory,1000000000,18,590
Input,Memory,1000000000,19,590
Input,Memory,1000000000,20,590
Input,Memory,1000000000,21,590
Input,Memory,1000000000,22,590
Input,Memory,1000000000,23,590
Input,Memory,1000000000,24,590
Input,Memory,1000000000,25,590
Input,Memory,1000000000,26,590
Input,Memory,1000000000,27,590
Input,Memory,1000000000,28,590
Input,Memory,1000000000,29,590
Input,Memory,1000000000,30,590
Input,Memory,1000000000,1,600
Input,Memory,1000000000,2,600
Input,Memory,1000000000,3,600
Input,Memory,1000000000,4,600
Input,Memory,1000000000,5,600
Input,Memory,1000000000,6,600
Input,Memory,1000000000,7,600
Input,Memory,1000000000,8,600
Input,Memory,1000000000,9,600
Input,Memory,1000000000,10,600
Input,Memory,1000000000,11,600
Input,Memory,1000000000,12,600
Input,Memory,1000000000,13,600
Input,Memory,1000000000,14,600
Input,Memory,1000000000,15,600
Input,Memory,1000000000,16,600
Input,Memory,1000000000,17,600
Input,Memory,1000000000,18,600
Input,Memory,1000000000,19,600
Input,Memory,1000000000,20,600
Input,Memory,1000000000,21,600
Input,Memory,1000000000,22,600
Input,Memory,1000000000,23,600
Input,Memory,1000000000,24,600
Input,Memory,1000000000,25,600
Input,Memory,1000000000,26,600
Input,Memory,1000000000,27,600
Input,Memory,1000000000,28,600
Input,Memory,1000000000,29,600
Input,Memory,1000000000,30,600
Input,Memory,1000000000,1,610
Input,Memory,1000000000,2,610
Input,Memory,1000000000,3,610
Input,Memory,1000000000,4,610
Input,Memory,1000000000,5,610
Input,Memory,1000000000,6,610
Input,Memory,1000000000,7,610
Input,Memory,1000000000,8,610
Input,Memory,1000000000,9,610
Input,Memory,1000000000,10,610
Input,Memory,1000000000,11,610
Input,Memory,1000000000,12,610
Input,Memory,1000000000,13,610
Input,Memory,1000000000,14,610
Input,Memory,1000000000,15,610
Input,Memory,1000000000,16,610
Input,Memory,1000000000,17,610
Input,Memory,1000000000,18,610
Input,Memory,1000000000,19,610
Input,Memory,1000000000,20,610
Input,Memory,1000000000,21,610
Input,Memory,1000000000,22,610
Input,Memory,1000000000,23,610
Input,Memory,1000000000,24,610
Input,Memory,1000000000,25,610
Input,Memory,1000000000,26,610
Input,Memory,1000000000,27,610
Input,Memory,1000000000,28,610
Input,Memory,1000000000,29,610
Input,Memory,1000000000,30,610
Input,Memory,1000000000,1,620
Input,Memory,1000000000,2,620
Input,Memory,1000000000,3,620
Input,Memory,1000000000,4,620
Input,Memory,1000000000,5,620
Input,Memory,1000000000,6,620
Input,Memory,1000000000,7,620
Input,Memory,1000000000,8,620
Input,Memory,1000000000,9,620
Input,Memory,1000000000,10,620
Input,Memory,1000000000,11,620
Input,Memory,1000000000,12,620
Input,Memory,1000000000,13,620
Input,Memory,1000000000,14,620
Input,Memory,1000000000,15,620
Input,Memory,1000000000,16,620
Input,Memory,1000000000,17,620
Input,Memory,1000000000,18,620
Input,Memory,1000000000,19,620
Input,Memory,1000000000,20,620
Input,Memory,1000000000,21,620
Input,Memory,1000000000,22,620
Input,Memory,1000000000,23,620
Input,Memory,1000000000,24,620
Input,Memory,1000000000,25,620
Input,Memory,1000000000,26,620
Input,Memory,1000000000,27,620
Input,Memory,1000000000,28,620
Input,Memory,1000000000,29,620
Input,Memory,1000000000,30,620
Input,Memory,1000000000,1,630
Input,Memory,1000000000,2,630
Input,Memory,1000000000,3,630
Input,Memory,1000000000,4,630
Input,Memory,1000000000,5,630
Input,Memory,1000000000,6,630
Input,Memory,1000000000,7,630
Input,Memory,1000000000,8,630
Input,Memory,1000000000,9,630
Input,Memory,1000000000,10,630
Input,Memory,1000000000,11,630
Input,Memory,1000000000,12,630
Input,Memory,1000000000,13,630
Input,Memory,1000000000,14,630
Input,Memory,1000000000,15,630
Input,Memory,1000000000,16,630
Input,Memory,1000000000,17,630
Input,Memory,1000000000,18,630
Input,Memory,1000000000,19,630
Input,Memory,1000000000,20,630
Input,Memory,1000000000,21,630
Input,Memory,1000000000,22,630
Input,Memory,1000000000,23,630
Input,Memory,1000000000,24,630
Input,Memory,1000000000,25,630
Input,Memory,1000000000,26,630
Input,Memory,1000000000,27,630
Input,Memory,1000000000,28,630
Input,Memory,1000000000,29,630
Input,Memory,1000000000,30,630
Input,Memory,1000000000,1,640
Input,Memory,1000000000,2,640
Input,Memory,1000000000,3,640
Input,Memory,1000000000,4,640
Input,Memory,1000000000,5,640
Input,Memory,1000000000,6,640
Input,Memory,1000000000,7,640
Input,Memory,1000000000,8,640
Input,Memory,1000000000,9,640
Input,Memory,1000000000,10,640
Input,Memory,1000000000,11,640
Input,Memory,1000000000,12,640
Input,Memory,1000000000,13,640
Input,Memory,1000000000,14,640
Input,Memory,1000000000,15,640
Input,Memory,1000000000,16,640
Input,Memory,1000000000,17,640
Input,Memory,1000000000,18,640
Input,Memory,1000000000,19,640
Input,Memory,1000000000,20,640
Input,Memory,1000000000,21,640
Input,Memory,1000000000,22,640
Input,Memory,1000000000,23,640
Input,Memory,1000000000,24,640
Input,Memory,1000000000,25,640
Input,Memory,1000000000,26,640
Input,Memory,1000000000,27,640
Input,Memory,1000000000,28,640
Input,Memory,1000000000,29,640
Input,Memory,1000000000,30,640
Input,Memory,1000000000,1,650
Input,Memory,1000000000,2,650
Input,Memory,1000000000,3,650
Input,Memory,1000000000,4,650
Input,Memory,1000000000,5,650
Input,Memory,1000000000,6,650
Input,Memory,1000000000,7,650
Input,Memory,1000000000,8,650
Input,Memory,1000000000,9,650
Input,Memory,1000000000,10,650
Input,Memory,1000000000,11,650
Input,Memory,1000000000,12,650
Input,Memory,1000000000,13,650
Input,Memory,1000000000,14,650
Input,Memory,1000000000,15,650
Input,Memory,1000000000,16,650
Input,Memory,1000000000,17,650
Input,Memory,1000000000,18,650
Input,Memory,1000000000,19,650
Input,Memory,1000000000,20,650
Input,Memory,1000000000,21,650
Input,Memory,1000000000,22,650
Input,Memory,1000000000,23,650
Input,Memory,1000000000,24,650
Input,Memory,1000000000,25,650
Input,Memory,1000000000,26,650
Input,Memory,1000000000,27,650
Input,Memory,1000000000,28,650
Input,Memory,1000000000,29,650
Input,Memory,1000000000,30,650
Input,Memory,1000000000,1,660
Input,Memory,1000000000,2,660
Input,Memory,1000000000,3,660
Input,Memory,1000000000,4,660
Input,Memory,1000000000,5,660
Input,Memory,1000000000,6,660
Input,Memory,1000000000,7,660
Input,Memory,1000000000,8,660
Input,Memory,1000000000,9,660
Input,Memory,1000000000,10,660
Input,Memory,1000000000,11,660
Input,Memory,1000000000,12,660
Input,Memory,1000000000,13,660
Input,Memory,1000000000,14,660
Input,Memory,1000000000,15,660
Input,Memory,1000000000,16,660
Input,Memory,1000000000,17,660
Input,Memory,1000000000,18,660
Input,Memory,1000000000,19,660
Input,Memory,1000000000,20,660
Input,Memory,1000000000,21,660
Input,Memory,1000000000,22,660
Input,Memory,1000000000,23,660
Input,Memory,1000000000,24,660
Input,Memory,1000000000,25,660
Input,Memory,1000000000,26,660
Input,Memory,1000000000,27,660
Input,Memory,1000000000,28,660
Input,Memory,1000000000,29,660
Input,Memory,1000000000,30,660
Input,Memory,1000000000,1,670
Input,Memory,1000000000,2,670
Input,Memory,1000000000,3,670
Input,Memory,1000000000,4,670
Input,Memory,1000000000,5,670
Input,Memory,1000000000,6,670
Input,Memory,1000000000,7,670
Input,Memory,1000000000,8,670
Input,Memory,1000000000,9,670
Input,Memory,1000000000,10,670
Input,Memory,1000000000,11,670
Input,Memory,1000000000,12,670
Input,Memory,1000000000,13,670
Input,Memory,1000000000,14,670
Input,Memory,1000000000,15,670
Input,Memory,1000000000,16,670
Input,Memory,1000000000,17,670
Input,Memory,1000000000,18,670
Input,Memory,1000000000,19,670
Input,Memory,1000000000,20,670
Input,Memory,1000000000,21,670
Input,Memory,1000000000,22,670
Input,Memory,1000000000,23,670
Input,Memory,1000000000,24,670
Input,Memory,1000000000,25,670
Input,Memory,1000000000,26,670
Input,Memory,1000000000,27,670
Input,Memory,1000000000,28,670
Input,Memory,1000000000,29,670
Input,Memory,1000000000,30,670
Input,Memory,1000000000,1,680
Input,Memory,1000000000,2,680
Input,Memory,1000000000,3,680
Input,Memory,1000000000,4,680
Input,Memory,1000000000,5,680
Input,Memory,1000000000,6,680
Input,Memory,1000000000,7,680
Input,Memory,1000000000,8,680
Input,Memory,1000000000,9,680
Input,Memory,1000000000,10,680
Input,Memory,1000000000,11,680
Input,Memory,1000000000,12,680
Input,Memory,1000000000,13,680
Input,Memory,1000000000,14,680
Input,Memory,1000000000,15,680
Input,Memory,1000000000,16,680
Input,Memory,1000000000,17,680
Input,Memory,1000000000,18,680
Input,Memory,1000000000,19,680
Input,Memory,1000000000,20,680
Input,Memory,1000000000,21,680
Input,Memory,1000000000,22,680
Input,Memory,1000000000,23,680
Input,Memory,1000000000,24,680
Input,Memory,1000000000,25,680
Input,Memory,1000000000,26,680
Input,Memory,1000000000,27,680
Input,Memory,1000000000,28,680
Input,Memory,1000000000,29,680
Input,Memory,1000000000,30,680
Input,Memory,1000000000,1,690
Input,Memory,1000000000,2,690
Input,Memory,1000000000,3,690
Input,Memory,1000000000,4,690
Input,Memory,1000000000,5,690
Input,Memory,1000000000,6,690
Input,Memory,1000000000,7,690
Input,Memory,1000000000,8,690
Input,Memory,1000000000,9,690
Input,Memory,1000000000,10,690
Input,Memory,1000000000,11,690
Input,Memory,1000000000,12,690
Input,Memory,1000000000,13,690
Input,Memory,1000000000,14,690
Input,Memory,1000000000,15,690
Input,Memory,1000000000,16,690
Input,Memory,1000000000,17,690
Input,Memory,1000000000,18,690
Input,Memory,1000000000,19,690
Input,Memory,1000000000,20,690
Input,Memory,1000000000,21,690
Input,Memory,1000000000,22,690
Input,Memory,1000000000,23,690
Input,Memory,1000000000,24,690
Input,Memory,1000000000,25,690
Input,Memory,1000000000,26,690
Input,Memory,1000000000,27,690
Input,Memory,1000000000,28,690
Input,Memory,1000000000,29,690
Input,Memory,1000000000,30,690
Input,Memory,1000000000,1,700
Input,Memory,1000000000,2,700
Input,Memory,1000000000,3,700
Input,Memory,1000000000,4,700
Input,Memory,1000000000,5,700
Input,Memory,1000000000,6,700
Input,Memory,1000000000,7,700
Input,Memory,1000000000,8,700
Input,Memory,1000000000,9,700
Input,Memory,1000000000,10,700
Input,Memory,1000000000,11,700
Input,Memory,1000000000,12,700
Input,Memory,1000000000,13,700
Input,Memory,1000000000,14,700
Input,Memory,1000000000,15,700
Input,Memory,1000000000,16,700
Input,Memory,1000000000,17,700
Input,Memory,1000000000,18,700
Input,Memory,1000000000,19,700
Input,Memory,1000000000,20,700
Input,Memory,1000000000,21,700
Input,Memory,1000000000,22,700
Input,Memory,1000000000,23,700
Input,Memory,1000000000,24,700
Input,Memory,1000000000,25,700
Input,Memory,1000000000,26,700
Input,Memory,1000000000,27,700
Input,Memory,1000000000,28,700
Input,Memory,1000000000,29,700
Input,Memory,1000000000,30,700
Input,Memory,1000000000,1,710
Input,Memory,1000000000,2,710
Input,Memory,1000000000,3,710
Input,Memory,1000000000,4,710
Input,Memory,1000000000,5,710
Input,Memory,1000000000,6,710
Input,Memory,1000000000,7,710
Input,Memory,1000000000,8,710
Input,Memory,1000000000,9,710
Input,Memory,1000000000,10,710
Input,Memory,1000000000,11,710
Input,Memory,1000000000,12,710
Input,Memory,1000000000,13,710
Input,Memory,1000000000,14,710
Input,Memory,1000000000,15,710
Input,Memory,1000000000,16,710
Input,Memory,1000000000,17,710
Input,Memory,1000000000,18,710
Input,Memory,1000000000,19,710
Input,Memory,1000000000,20,710
Input,Memory,1000000000,21,710
Input,Memory,1000000000,22,710
Input,Memory,1000000000,23,710
Input,Memory,1000000000,24,710
Input,Memory,1000000000,25,710
Input,Memory,1000000000,26,710
Input,Memory,1000000000,27,710
Input,Memory,1000000000,28,710
Input,Memory,1000000000,29,710
Input,Memory,1000000000,30,710
Input,Memory,1000000000,1,720
Input,Memory,1000000000,2,720
Input,Memory,1000000000,3,720
Input,Memory,1000000000,4,720
Input,Memory,1000000000,5,720
Input,Memory,1000000000,6,720
Input,Memory,1000000000,7,720
Input,Memory,1000000000,8,720
Input,Memory,1000000000,9,720
Input,Memory,1000000000,10,720
Input,Memory,1000000000,11,720
Input,Memory,1000000000,12,720
Input,Memory,1000000000,13,720
Input,Memory,1000000000,14,720
Input,Memory,1000000000,15,720
Input,Memory,1000000000,16,720
Input,Memory,1000000000,17,720
Input,Memory,1000000000,18,720
Input,Memory,1000000000,19,720
Input,Memory,1000000000,20,720
Input,Memory,1000000000,21,720
Input,Memory,1000000000,22,720
Input,Memory,1000000000,23,720
Input,Memory,1000000000,24,720
Input,Memory,1000000000,25,720
Input,Memory,1000000000,26,720
Input,Memory,1000000000,27,720
Input,Memory,1000000000,28,720
Input,Memory,1000000000,29,720
Input,Memory,1000000000,30,720
Input,Memory,1000000000,1,730
Input,Memory,1000000000,2,730
Input,Memory,1000000000,3,730
Input,Memory,1000000000,4,730
Input,Memory,1000000000,5,730
Input,Memory,1000000000,6,730
Input,Memory,1000000000,7,730
Input,Memory,1000000000,8,730
Input,Memory,1000000000,9,730
Input,Memory,1000000000,10,730
Input,Memory,1000000000,11,730
Input,Memory,1000000000,12,730
Input,Memory,1000000000,13,730
Input,Memory,1000000000,14,730
Input,Memory,1000000000,15,730
Input,Memory,1000000000,16,730
Input,Memory,1000000000,17,730
Input,Memory,1000000000,18,730
Input,Memory,1000000000,19,730
Input,Memory,1000000000,20,730
Input,Memory,1000000000,21,730
Input,Memory,1000000000,22,730
Input,Memory,1000000000,23,730
Input,Memory,1000000000,24,730
Input,Memory,1000000000,25,730
Input,Memory,1000000000,26,730
Input,Memory,1000000000,27,730
Input,Memory,1000000000,28,730
Input,Memory,1000000000,29,730
Input,Memory,1000000000,30,730
Input,Memory,1000000000,1,740
Input,Memory,1000000000,2,740
Input,Memory,1000000000,3,740
Input,Memory,1000000000,4,740
Input,Memory,1000000000,5,740
Input,Memory,1000000000,6,740
Input,Memory,1000000000,7,740
Input,Memory,1000000000,8,740
Input,Memory,1000000000,9,740
Input,Memory,1000000000,10,740
Input,Memory,1000000000,11,740
Input,Memory,1000000000,12,740
Input,Memory,1000000000,13,740
Input,Memory,1000000000,14,740
Input,Memory,1000000000,15,740
Input,Memory,1000000000,16,740
Input,Memory,1000000000,17,740
Input,Memory,1000000000,18,740
Input,Memory,1000000000,19,740
Input,Memory,1000000000,20,740
Input,Memory,1000000000,21,740
Input,Memory,1000000000,22,740
Input,Memory,1000000000,23,740
Input,Memory,1000000000,24,740
Input,Memory,1000000000,25,740
Input,Memory,1000000000,26,740
Input,Memory,1000000000,27,740
Input,Memory,1000000000,28,740
Input,Memory,1000000000,29,740
Input,Memory,1000000000,30,740
Input,Memory,1000000000,1,750
Input,Memory,1000000000,2,750
Input,Memory,1000000000,3,750
Input,Memory,1000000000,4,750
Input,Memory,1000000000,5,750
Input,Memory,1000000000,6,750
Input,Memory,1000000000,7,750
Input,Memory,1000000000,8,750
Input,Memory,1000000000,9,750
Input,Memory,1000000000,10,750
Input,Memory,1000000000,11,750
Input,Memory,1000000000,12,750
Input,Memory,1000000000,13,750
Input,Memory,1000000000,14,750
Input,Memory,1000000000,15,750
Input,Memory,1000000000,16,750
Input,Memory,1000000000,17,750
Input,Memory,1000000000,18,750
Input,Memory,1000000000,19,750
Input,Memory,1000000000,20,750
Input,Memory,1000000000,21,750
Input,Memory,1000000000,22,750
Input,Memory,1000000000,23,750
Input,Memory,1000000000,24,750
Input,Memory,1000000000,25,750
Input,Memory,1000000000,26,750
Input,Memory,1000000000,27,750
Input,Memory,1000000000,28,750
Input,Memory,1000000000,29,750
Input,Memory,1000000000,30,750
Input,Memory,1000000000,1,760
Input,Memory,1000000000,2,760
Input,Memory,1000000000,3,760
Input,Memory,1000000000,4,760
Input,Memory,1000000000,5,760
Input,Memory,1000000000,6,760
Input,Memory,1000000000,7,760
Input,Memory,1000000000,8,760
Input,Memory,1000000000,9,760
Input,Memory,1000000000,10,760
Input,Memory,1000000000,11,760
Input,Memory,1000000000,12,760
Input,Memory,1000000000,13,760
Input,Memory,1000000000,14,760
Input,Memory,1000000000,15,760
Input,Memory,1000000000,16,760
Input,Memory,1000000000,17,760
Input,Memory,1000000000,18,760
Input,Memory,1000000000,19,760
Input,Memory,1000000000,20,760
Input,Memory,1000000000,21,760
Input,Memory,1000000000,22,760
Input,Memory,1000000000,23,760
Input,Memory,1000000000,24,760
Input,Memory,1000000000,25,760
Input,Memory,1000000000,26,760
Input,Memory,1000000000,27,760
Input,Memory,1000000000,28,760
Input,Memory,1000000000,29,760
Input,Memory,1000000000,30,760
Input,Memory,1000000000,1,770
Input,Memory,1000000000,2,770
Input,Memory,1000000000,3,770
Input,Memory,1000000000,4,770
Input,Memory,1000000000,5,770
Input,Memory,1000000000,6,770
Input,Memory,1000000000,7,770
Input,Memory,1000000000,8,770
Input,Memory,1000000000,9,770
Input,Memory,1000000000,10,770
Input,Memory,1000000000,11,770
Input,Memory,1000000000,12,770
Input,Memory,1000000000,13,770
Input,Memory,1000000000,14,770
Input,Memory,1000000000,15,770
Input,Memory,1000000000,16,770
Input,Memory,1000000000,17,770
Input,Memory,1000000000,18,770
Input,Memory,1000000000,19,770
Input,Memory,1000000000,20,770
Input,Memory,1000000000,21,770
Input,Memory,1000000000,22,770
Input,Memory,1000000000,23,770
Input,Memory,1000000000,24,770
Input,Memory,1000000000,25,770
Input,Memory,1000000000,26,770
Input,Memory,1000000000,27,770
Input,Memory,1000000000,28,770
Input,Memory,1000000000,29,770
Input,Memory,1000000000,30,770
Input,Memory,1000000000,1,780
Input,Memory,1000000000,2,780
Input,Memory,1000000000,3,780
Input,Memory,1000000000,4,780
Input,Memory,1000000000,5,780
Input,Memory,1000000000,6,780
Input,Memory,1000000000,7,780
Input,Memory,1000000000,8,780
Input,Memory,1000000000,9,780
Input,Memory,1000000000,10,780
Input,Memory,1000000000,11,780
Input,Memory,1000000000,12,780
Input,Memory,1000000000,13,780
Input,Memory,1000000000,14,780
Input,Memory,1000000000,15,780
Input,Memory,1000000000,16,780
Input,Memory,1000000000,17,780
Input,Memory,1000000000,18,780
Input,Memory,1000000000,19,780
Input,Memory,1000000000,20,780
Input,Memory,1000000000,21,780
Input,Memory,1000000000,22,780
Input,Memory,1000000000,23,780
Input,Memory,1000000000,24,780
Input,Memory,1000000000,25,780
Input,Memory,1000000000,26,780
Input,Memory,1000000000,27,780
Input,Memory,1000000000,28,780
Input,Memory,1000000000,29,780
Input,Memory,1000000000,30,780
Input,Memory,1000000000,1,790
Input,Memory,1000000000,2,790
Input,Memory,1000000000,3,790
Input,Memory,1000000000,4,790
Input,Memory,1000000000,5,790
Input,Memory,1000000000,6,790
Input,Memory,1000000000,7,790
Input,Memory,1000000000,8,790
Input,Memory,1000000000,9,790
Input,Memory,1000000000,10,790
Input,Memory,1000000000,11,790
Input,Memory,1000000000,12,790
Input,Memory,1000000000,13,790
Input,Memory,1000000000,14,790
Input,Memory,1000000000,15,790
Input,Memory,1000000000,16,790
Input,Memory,1000000000,17,790
Input,Memory,1000000000,18,790
Input,Memory,1000000000,19,790
Input,Memory,1000000000,20,790
Input,Memory,1000000000,21,790
Input,Memory,1000000000,22,790
Input,Memory,1000000000,23,790
Input,Memory,1000000000,24,790
Input,Memory,1000000000,25,790
Input,Memory,1000000000,26,790
Input,Memory,1000000000,27,790
Input,Memory,1000000000,28,790
Input,Memory,1000000000,29,790
Input,Memory,1000000000,30,790
Input,Memory,1000000000,1,800
Input,Memory,1000000000,2,800
Input,Memory,1000000000,3,800
Input,Memory,1000000000,4,800
Input,Memory,1000000000,5,800
Input,Memory,1000000000,6,800
Input,Memory,1000000000,7,800
Input,Memory,1000000000,8,800
Input,Memory,1000000000,9,800
Input,Memory,1000000000,10,800
Input,Memory,1000000000,11,800
Input,Memory,1000000000,12,800
Input,Memory,1000000000,13,800
Input,Memory,1000000000,14,800
Input,Memory,1000000000,15,800
Input,Memory,1000000000,16,800
Input,Memory,1000000000,17,800
Input,Memory,1000000000,18,800
Input,Memory,1000000000,19,800
Input,Memory,1000000000,20,800
Input,Memory,1000000000,21,800
Input,Memory,1000000000,22,800
Input,Memory,1000000000,23,800
Input,Memory,1000000000,24,800
Input,Memory,1000000000,25,800
Input,Memory,1000000000,26,800
Input,Memory,1000000000,27,800
Input,Memory,1000000000,28,800
Input,Memory,1000000000,29,800
Input,Memory,1000000000,30,800
Input,Memory,1000000000,1,810
Input,Memory,1000000000,2,810
Input,Memory,1000000000,3,810
Input,Memory,1000000000,4,810
Input,Memory,1000000000,5,810
Input,Memory,1000000000,6,810
Input,Memory,1000000000,7,810
Input,Memory,1000000000,8,810
Input,Memory,1000000000,9,810
Input,Memory,1000000000,10,810
Input,Memory,1000000000,11,810
Input,Memory,1000000000,12,810
Input,Memory,1000000000,13,810
Input,Memory,1000000000,14,810
Input,Memory,1000000000,15,810
Input,Memory,1000000000,16,810
Input,Memory,1000000000,17,810
Input,Memory,1000000000,18,810
Input,Memory,1000000000,19,810
Input,Memory,1000000000,20,810
Input,Memory,1000000000,21,810
Input,Memory,1000000000,22,810
Input,Memory,1000000000,23,810
Input,Memory,1000000000,24,810
Input,Memory,1000000000,25,810
Input,Memory,1000000000,26,810
Input,Memory,1000000000,27,810
Input,Memory,1000000000,28,810
Input,Memory,1000000000,29,810
Input,Memory,1000000000,30,810
Input,Memory,1000000000,1,820
Input,Memory,1000000000,2,820
Input,Memory,1000000000,3,820
Input,Memory,1000000000,4,820
Input,Memory,1000000000,5,820
Input,Memory,1000000000,6,820
Input,Memory,1000000000,7,820
Input,Memory,1000000000,8,820
Input,Memory,1000000000,9,820
Input,Memory,1000000000,10,820
Input,Memory,1000000000,11,820
Input,Memory,1000000000,12,820
Input,Memory,1000000000,13,820
Input,Memory,1000000000,14,820
Input,Memory,1000000000,15,820
Input,Memory,1000000000,16,820
Input,Memory,1000000000,17,820
Input,Memory,1000000000,18,820
Input,Memory,1000000000,19,820
Input,Memory,1000000000,20,820
Input,Memory,1000000000,21,820
Input,Memory,1000000000,22,820
Input,Memory,1000000000,23,820
Input,Memory,1000000000,24,820
Input,Memory,1000000000,25,820
Input,Memory,1000000000,26,820
Input,Memory,1000000000,27,820
Input,Memory,1000000000,28,820
Input,Memory,1000000000,29,820
Input,Memory,1000000000,30,820
Input,Memory,1000000000,1,830
Input,Memory,1000000000,2,830
Input,Memory,1000000000,3,830
Input,Memory,1000000000,4,830
Input,Memory,1000000000,5,830
Input,Memory,1000000000,6,830
Input,Memory,1000000000,7,830
Input,Memory,1000000000,8,830
Input,Memory,1000000000,9,830
Input,Memory,1000000000,10,830
Input,Memory,1000000000,11,830
Input,Memory,1000000000,12,830
Input,Memory,1000000000,13,830
Input,Memory,1000000000,14,830
Input,Memory,1000000000,15,830
Input,Memory,1000000000,16,830
Input,Memory,1000000000,17,830
Input,Memory,1000000000,18,830
Input,Memory,1000000000,19,830
Input,Memory,1000000000,20,830
Input,Memory,1000000000,21,830
Input,Memory,1000000000,22,830
Input,Memory,1000000000,23,830
Input,Memory,1000000000,24,830
Input,Memory,1000000000,25,830
Input,Memory,1000000000,26,830
Input,Memory,1000000000,27,830
Input,Memory,1000000000,28,830
Input,Memory,1000000000,29,830
Input,Memory,1000000000,30,830
Input,Memory,1000000000,1,840
Input,Memory,1000000000,2,840
Input,Memory,1000000000,3,840
Input,Memory,1000000000,4,840
Input,Memory,1000000000,5,840
Input,Memory,1000000000,6,840
Input,Memory,1000000000,7,840
Input,Memory,1000000000,8,840
Input,Memory,1000000000,9,840
Input,Memory,1000000000,10,840
Input,Memory,1000000000,11,840
Input,Memory,1000000000,12,840
Input,Memory,1000000000,13,840
Input,Memory,1000000000,14,840
Input,Memory,1000000000,15,840
Input,Memory,1000000000,16,840
Input,Memory,1000000000,17,840
Input,Memory,1000000000,18,840
Input,Memory,1000000000,19,840
Input,Memory,1000000000,20,840
Input,Memory,1000000000,21,840
Input,Memory,1000000000,22,840
Input,Memory,1000000000,23,840
Input,Memory,1000000000,24,840
Input,Memory,1000000000,25,840
Input,Memory,1000000000,26,840
Input,Memory,1000000000,27,840
Input,Memory,1000000000,28,840
Input,Memory,1000000000,29,840
Input,Memory,1000000000,30,840
Input,Memory,1000000000,1,850
Input,Memory,1000000000,2,850
Input,Memory,1000000000,3,850
Input,Memory,1000000000,4,850
Input,Memory,1000000000,5,850
Input,Memory,1000000000,6,850
Input,Memory,1000000000,7,850
Input,Memory,1000000000,8,850
Input,Memory,1000000000,9,850
Input,Memory,1000000000,10,850
Input,Memory,1000000000,11,850
Input,Memory,1000000000,12,850
Input,Memory,1000000000,13,850
Input,Memory,1000000000,14,850
Input,Memory,1000000000,15,850
Input,Memory,1000000000,16,850
Input,Memory,1000000000,17,850
Input,Memory,1000000000,18,850
Input,Memory,1000000000,19,850
Input,Memory,1000000000,20,850
Input,Memory,1000000000,21,850
Input,Memory,1000000000,22,850
Input,Memory,1000000000,23,850
Input,Memory,1000000000,24,850
Input,Memory,1000000000,25,850
Input,Memory,1000000000,26,850
Input,Memory,1000000000,27,850
Input,Memory,1000000000,28,850
Input,Memory,1000000000,29,850
Input,Memory,1000000000,30,850
Input,Memory,1000000000,1,860
Input,Memory,1000000000,2,860
Input,Memory,1000000000,3,860
Input,Memory,1000000000,4,860
Input,Memory,1000000000,5,860
Input,Memory,1000000000,6,860
Input,Memory,1000000000,7,860
Input,Memory,1000000000,8,860
Input,Memory,1000000000,9,860
Input,Memory,1000000000,10,860
Input,Memory,1000000000,11,860
Input,Memory,1000000000,12,860
Input,Memory,1000000000,13,860
Input,Memory,1000000000,14,860
Input,Memory,1000000000,15,860
Input,Memory,1000000000,16,860
Input,Memory,1000000000,17,860
Input,Memory,1000000000,18,860
Input,Memory,1000000000,19,860
Input,Memory,1000000000,20,860
Input,Memory,1000000000,21,860
Input,Memory,1000000000,22,860
Input,Memory,1000000000,23,860
Input,Memory,1000000000,24,860
Input,Memory,1000000000,25,860
Input,Memory,1000000000,26,860
Input,Memory,1000000000,27,860
Input,Memory,1000000000,28,860
Input,Memory,1000000000,29,860
Input,Memory,1000000000,30,860
Input,Memory,1000000000,1,870
Input,Memory,1000000000,2,870
Input,Memory,1000000000,3,870
Input,Memory,1000000000,4,870
Input,Memory,1000000000,5,870
Input,Memory,1000000000,6,870
Input,Memory,1000000000,7,870
Input,Memory,1000000000,8,870
Input,Memory,1000000000,9,870
Input,Memory,1000000000,10,870
Input,Memory,1000000000,11,870
Input,Memory,1000000000,12,870
Input,Memory,1000000000,13,870
Input,Memory,1000000000,14,870
Input,Memory,1000000000,15,870
Input,Memory,1000000000,16,870
Input,Memory,1000000000,17,870
Input,Memory,1000000000,18,870
Input,Memory,1000000000,19,870
Input,Memory,1000000000,20,870
Input,Memory,1000000000,21,870
Input,Memory,1000000000,22,870
Input,Memory,1000000000,23,870
Input,Memory,1000000000,24,870
Input,Memory,1000000000,25,870
Input,Memory,1000000000,26,870
Input,Memory,1000000000,27,870
Input,Memory,1000000000,28,870
Input,Memory,1000000000,29,870
Input,Memory,1000000000,30,870
Input,Memory,1000000000,1,880
Input,Memory,1000000000,2,880
Input,Memory,1000000000,3,880
Input,Memory,1000000000,4,880
Input,Memory,1000000000,5,880
Input,Memory,1000000000,6,880
Input,Memory,1000000000,7,880
Input,Memory,1000000000,8,880
Input,Memory,1000000000,9,880
Input,Memory,1000000000,10,880
Input,Memory,1000000000,11,880
Input,Memory,1000000000,12,880
Input,Memory,1000000000,13,880
Input,Memory,1000000000,14,880
Input,Memory,1000000000,15,880
Input,Memory,1000000000,16,880
Input,Memory,1000000000,17,880
Input,Memory,1000000000,18,880
Input,Memory,1000000000,19,880
Input,Memory,1000000000,20,880
Input,Memory,1000000000,21,880
Input,Memory,1000000000,22,880
Input,Memory,1000000000,23,880
Input,Memory,1000000000,24,880
Input,Memory,1000000000,25,880
Input,Memory,1000000000,26,880
Input,Memory,1000000000,27,880
Input,Memory,1000000000,28,880
Input,Memory,1000000000,29,880
Input,Memory,1000000000,30,880
Input,Memory,1000000000,1,890
Input,Memory,1000000000,2,890
Input,Memory,1000000000,3,890
Input,Memory,1000000000,4,890
Input,Memory,1000000000,5,890
Input,Memory,1000000000,6,890
Input,Memory,1000000000,7,890
Input,Memory,1000000000,8,890
Input,Memory,1000000000,9,890
Input,Memory,1000000000,10,890
Input,Memory,1000000000,11,890
Input,Memory,1000000000,12,890
Input,Memory,1000000000,13,890
Input,Memory,1000000000,14,890
Input,Memory,1000000000,15,890
Input,Memory,1000000000,16,890
Input,Memory,1000000000,17,890
Input,Memory,1000000000,18,890
Input,Memory,1000000000,19,890
Input,Memory,1000000000,20,890
Input,Memory,1000000000,21,890
Input,Memory,1000000000,22,890
Input,Memory,1000000000,23,890
Input,Memory,1000000000,24,890
Input,Memory,1000000000,25,890
Input,Memory,1000000000,26,890
Input,Memory,1000000000,27,890
Input,Memory,1000000000,28,890
Input,Memory,1000000000,29,890
Input,Memory,1000000000,30,890
Input,Memory,1000000000,1,900
Input,Memory,1000000000,2,900
Input,Memory,1000000000,3,900
Input,Memory,1000000000,4,900
Input,Memory,1000000000,5,900
Input,Memory,1000000000,6,900
Input,Memory,1000000000,7,900
Input,Memory,1000000000,8,900
Input,Memory,1000000000,9,900
Input,Memory,1000000000,10,900
Input,Memory,1000000000,11,900
Input,Memory,1000000000,12,900
Input,Memory,1000000000,13,900
Input,Memory,1000000000,14,900
Input,Memory,1000000000,15,900
Input,Memory,1000000000,16,900
Input,Memory,1000000000,17,900
Input,Memory,1000000000,18,900
Input,Memory,1000000000,19,900
Input,Memory,1000000000,20,900
Input,Memory,1000000000,21,900
Input,Memory,1000000000,22,900
Input,Memory,1000000000,23,900
Input,Memory,1000000000,24,900
Input,Memory,1000000000,25,900
Input,Memory,1000000000,26,900
Input,Memory,1000000000,27,900
Input,Memory,1000000000,28,900
Input,Memory,1000000000,29,900
Input,Memory,1000000000,30,900
Input,Memory,1000000000,1,910
Input,Memory,1000000000,2,910
Input,Memory,1000000000,3,910
Input,Memory,1000000000,4,910
Input,Memory,1000000000,5,910
Input,Memory,1000000000,6,910
Input,Memory,1000000000,7,910
Input,Memory,1000000000,8,910
Input,Memory,1000000000,9,910
Input,Memory,1000000000,10,910
Input,Memory,1000000000,11,910
Input,Memory,1000000000,12,910
Input,Memory,1000000000,13,910
Input,Memory,1000000000,14,910
Input,Memory,1000000000,15,910
Input,Memory,1000000000,16,910
Input,Memory,1000000000,17,910
Input,Memory,1000000000,18,910
Input,Memory,1000000000,19,910
Input,Memory,1000000000,20,910
Input,Memory,1000000000,21,910
Input,Memory,1000000000,22,910
Input,Memory,1000000000,23,910
Input,Memory,1000000000,24,910
Input,Memory,1000000000,25,910
Input,Memory,1000000000,26,910
Input,Memory,1000000000,27,910
Input,Memory,1000000000,28,910
Input,Memory,1000000000,29,910
Input,Memory,1000000000,30,910
Input,Memory,1000000000,1,920
Input,Memory,1000000000,2,920
Input,Memory,1000000000,3,920
Input,Memory,1000000000,4,920
Input,Memory,1000000000,5,920
Input,Memory,1000000000,6,920
Input,Memory,1000000000,7,920
Input,Memory,1000000000,8,920
Input,Memory,1000000000,9,920
Input,Memory,1000000000,10,920
Input,Memory,1000000000,11,920
Input,Memory,1000000000,12,920
Input,Memory,1000000000,13,920
Input,Memory,1000000000,14,920
Input,Memory,1000000000,15,920
Input,Memory,1000000000,16,920
Input,Memory,1000000000,17,920
Input,Memory,1000000000,18,920
Input,Memory,1000000000,19,920
Input,Memory,1000000000,20,920
Input,Memory,1000000000,21,920
Input,Memory,1000000000,22,920
Input,Memory,1000000000,23,920
Input,Memory,1000000000,24,920
Input,Memory,1000000000,25,920
Input,Memory,1000000000,26,920
Input,Memory,1000000000,27,920
Input,Memory,1000000000,28,920
Input,Memory,1000000000,29,920
Input,Memory,1000000000,30,920
Input,Memory,1000000000,1,930
Input,Memory,1000000000,2,930
Input,Memory,1000000000,3,930
Input,Memory,1000000000,4,930
Input,Memory,1000000000,5,930
Input,Memory,1000000000,6,930
Input,Memory,1000000000,7,930
Input,Memory,1000000000,8,930
Input,Memory,1000000000,9,930
Input,Memory,1000000000,10,930
Input,Memory,1000000000,11,930
Input,Memory,1000000000,12,930
Input,Memory,1000000000,13,930
Input,Memory,1000000000,14,930
Input,Memory,1000000000,15,930
Input,Memory,1000000000,16,930
Input,Memory,1000000000,17,930
Input,Memory,1000000000,18,930
Input,Memory,1000000000,19,930
Input,Memory,1000000000,20,930
Input,Memory,1000000000,21,930
Input,Memory,1000000000,22,930
Input,Memory,1000000000,23,930
Input,Memory,1000000000,24,930
Input,Memory,1000000000,25,930
Input,Memory,1000000000,26,930
Input,Memory,1000000000,27,930
Input,Memory,1000000000,28,930
Input,Memory,1000000000,29,930
Input,Memory,1000000000,30,930
Input,Memory,1000000000,1,940
Input,Memory,1000000000,2,940
Input,Memory,1000000000,3,940
Input,Memory,1000000000,4,940
Input,Memory,1000000000,5,940
Input,Memory,1000000000,6,940
Input,Memory,1000000000,7,940
Input,Memory,1000000000,8,940
Input,Memory,1000000000,9,940
Input,Memory,1000000000,10,940
Input,Memory,1000000000,11,940
Input,Memory,1000000000,12,940
Input,Memory,1000000000,13,940
Input,Memory,1000000000,14,940
Input,Memory,1000000000,15,940
Input,Memory,1000000000,16,940
Input,Memory,1000000000,17,940
Input,Memory,1000000000,18,940
Input,Memory,1000000000,19,940
Input,Memory,1000000000,20,940
Input,Memory,1000000000,21,940
Input,Memory,1000000000,22,940
Input,Memory,1000000000,23,940
Input,Memory,1000000000,24,940
Input,Memory,1000000000,25,940
Input,Memory,1000000000,26,940
Input,Memory,1000000000,27,940
Input,Memory,1000000000,28,940
Input,Memory,1000000000,29,940
Input,Memory,1000000000,30,940
Input,Memory,1000000000,1,950
Input,Memory,1000000000,2,950
Input,Memory,1000000000,3,950
Input,Memory,1000000000,4,950
Input,Memory,1000000000,5,950
Input,Memory,1000000000,6,950
Input,Memory,1000000000,7,950
Input,Memory,1000000000,8,950
Input,Memory,1000000000,9,950
Input,Memory,1000000000,10,950
Input,Memory,1000000000,11,950
Input,Memory,1000000000,12,950
Input,Memory,1000000000,13,950
Input,Memory,1000000000,14,950
Input,Memory,1000000000,15,950
Input,Memory,1000000000,16,950
Input,Memory,1000000000,17,950
Input,Memory,1000000000,18,950
Input,Memory,1000000000,19,950
Input,Memory,1000000000,20,950
Input,Memory,1000000000,21,950
Input,Memory,1000000000,22,950
Input,Memory,1000000000,23,950
Input,Memory,1000000000,24,950
Input,Memory,1000000000,25,950
Input,Memory,1000000000,26,950
Input,Memory,1000000000,27,950
Input,Memory,1000000000,28,950
Input,Memory,1000000000,29,950
Input,Memory,1000000000,30,950
Input,Memory,1000000000,1,960
Input,Memory,1000000000,2,960
Input,Memory,1000000000,3,960
Input,Memory,1000000000,4,960
Input,Memory,1000000000,5,960
Input,Memory,1000000000,6,960
Input,Memory,1000000000,7,960
Input,Memory,1000000000,8,960
Input,Memory,1000000000,9,960
Input,Memory,1000000000,10,960
Input,Memory,1000000000,11,960
Input,Memory,1000000000,12,960
Input,Memory,1000000000,13,960
Input,Memory,1000000000,14,960
Input,Memory,1000000000,15,960
Input,Memory,1000000000,16,960
Input,Memory,1000000000,17,960
Input,Memory,1000000000,18,960
Input,Memory,1000000000,19,960
Input,Memory,1000000000,20,960
Input,Memory,1000000000,21,960
Input,Memory,1000000000,22,960
Input,Memory,1000000000,23,960
Input,Memory,1000000000,24,960
Input,Memory,1000000000,25,960
Input,Memory,1000000000,26,960
Input,Memory,1000000000,27,960
Input,Memory,1000000000,28,960
Input,Memory,1000000000,29,960
Input,Memory,1000000000,30,960
Input,Memory,1000000000,1,970
Input,Memory,1000000000,2,970
Input,Memory,1000000000,3,970
Input,Memory,1000000000,4,970
Input,Memory,1000000000,5,970
Input,Memory,1000000000,6,970
Input,Memory,1000000000,7,970
Input,Memory,1000000000,8,970
Input,Memory,1000000000,9,970
Input,Memory,1000000000,10,970
Input,Memory,1000000000,11,970
Input,Memory,1000000000,12,970
Input,Memory,1000000000,13,970
Input,Memory,1000000000,14,970
Input,Memory,1000000000,15,970
Input,Memory,1000000000,16,970
Input,Memory,1000000000,17,970
Input,Memory,1000000000,18,970
Input,Memory,1000000000,19,970
Input,Memory,1000000000,20,970
Input,Memory,1000000000,21,970
Input,Memory,1000000000,22,970
Input,Memory,1000000000,23,970
Input,Memory,1000000000,24,970
Input,Memory,1000000000,25,970
Input,Memory,1000000000,26,970
Input,Memory,1000000000,27,970
Input,Memory,1000000000,28,970
Input,Memory,1000000000,29,970
Input,Memory,1000000000,30,970
Input,Memory,1000000000,1,980
Input,Memory,1000000000,2,980
Input,Memory,1000000000,3,980
Input,Memory,1000000000,4,980
Input,Memory,1000000000,5,980
Input,Memory,1000000000,6,980
Input,Memory,1000000000,7,980
Input,Memory,1000000000,8,980
Input,Memory,1000000000,9,980
Input,Memory,1000000000,10,980
Input,Memory,1000000000,11,980
Input,Memory,1000000000,12,980
Input,Memory,1000000000,13,980
Input,Memory,1000000000,14,980
Input,Memory,1000000000,15,980
Input,Memory,1000000000,16,980
Input,Memory,1000000000,17,980
Input,Memory,1000000000,18,980
Input,Memory,1000000000,19,980
Input,Memory,1000000000,20,980
Input,Memory,1000000000,21,980
Input,Memory,1000000000,22,980
Input,Memory,1000000000,23,980
Input,Memory,1000000000,24,980
Input,Memory,1000000000,25,980
Input,Memory,1000000000,26,980
Input,Memory,1000000000,27,980
Input,Memory,1000000000,28,980
Input,Memory,1000000000,29,980
Input,Memory,1000000000,30,980
Input,Memory,1000000000,1,990
Input,Memory,1000000000,2,990
Input,Memory,1000000000,3,990
Input,Memory,1000000000,4,990
Input,Memory,1000000000,5,990
Input,Memory,1000000000,6,990
Input,Memory,1000000000,7,990
Input,Memory,1000000000,8,990
Input,Memory,1000000000,9,990
Input,Memory,1000000000,10,990
Input,Memory,1000000000,11,990
Input,Memory,1000000000,12,990
Input,Memory,1000000000,13,990
Input,Memory,1000000000,14,990
Input,Memory,1000000000,15,990
Input,Memory,1000000000,16,990
Input,Memory,1000000000,17,990
Input,Memory,1000000000,18,990
Input,Memory,1000000000,19,990
Input,Memory,1000000000,20,990
Input,Memory,1000000000,21,990
Input,Memory,1000000000,22,990
Input,Memory,1000000000,23,990
Input,Memory,1000000000,24,990
Input,Memory,1000000000,25,990
Input,Memory,1000000000,26,990
Input,Memory,1000000000,27,990
Input,Memory,1000000000,28,990
Input,Memory,1000000000,29,990
Input,Memory,1000000000,30,990
Input,Memory,1000000000,1,1000
Input,Memory,1000000000,2,1000
Input,Memory,1000000000,3,1000
Input,Memory,1000000000,4,1000
Input,Memory,1000000000,5,1000
Input,Memory,1000000000,6,1000
Input,Memory,1000000000,7,1000
Input,Memory,1000000000,8,1000
Input,Memory,1000000000,9,1000
Input,Memory,1000000000,10,1000
Input,Memory,1000000000,11,1000
Input,Memory,1000000000,12,1000
Input,Memory,1000000000,13,1000
Input,Memory,1000000000,14,1000
Input,Memory,1000000000,15,1000
Input,Memory,1000000000,16,1000
Input,Memory,1000000000,17,1000
Input,Memory,1000000000,18,1000
Input,Memory,1000000000,19,1000
Input,Memory,1000000000,20,1000
Input,Memory,1000000000,21,1000
Input,Memory,1000000000,22,1000
Input,Memory,1000000000,23,1000
Input,Memory,1000000000,24,1000
Input,Memory,1000000000,25,1000
Input,Memory,1000000000,26,1000
Input,Memory,1000000000,27,1000
Input,Memory,1000000000,28,1000
Input,Memory,1000000000,29,1000
Input,Memory,1000000000,30,1000